Name,Email-1,Email-2,Email-3
"Chen, Rongqiu",rongqiu@mail.hust.edu.cn,,
"Frisvold, David E.",david-frisvold@uiowa.edu,,
"Afeche, Philipp",afeche@rotman.utoronto.ca,,
"Diecidue, Enrico",enrico.diecidue@insead.edu,,
"Brooks, Marcus R.",marcus.brooks@utsa.edu,,
"Hopp, Wallace J.",hopp@northwestern.edu,,
"Kallinterakis, Vasileios",vasileios.kallinterakis@durham.ac.uk,,
"Roychowdhury, Indranil",rcindranil22@gmail.com,rcindranil22@gmail.com,rcindranil22@gmail.com
"Santoro, Michael A.",msantoro@business.rutgers.edu,,
"Weitz, Barton A.",bart.weitz@cba.ufl.edu,,
"Rowe, W. Glenn",growe@ivey.uwo.ca,,
"Liu, Jun",jliu@email.arizona.edu,,
"Borgonovo, Emanuele",emanuele.borgonovo@unibocconi.it,,
"Wang, Peng",omega241698088@gmail.com,,
"Lin, Joung Y.",2-4-67-76@ontariointernational.org,,
"Egelund Olsen, Birgitte",beo@asb.dk,,
"Winters, Drew B.",wintersd@ba.ttu.edu,,
"McGrath, Noel",noel.mcgrath@ucd.ie,,
"Kromann, Erin",ekromann@gmail.com,ekromann@gmail.com,
"Zheng, Xiaolan",xiaolan_zheng@moore.sc.edu,,
"Srivastava, Monica",monicasrivastava81@gmail.com,,
"Goukasian, Levon",levon.goukasian@pepperdine.edu,,
"Tuttle, Brad",tuttle@sc.edu,,
"Iqbal, Muhammad Waqas",waqas22cr@gmail.com,,
"Javeed, Shoaib",shbjvd@gmail.com,,
"Song, Moon H.",msong@sciences.sdsu.edu,,
"Ali Basit, Hafiz Muhammad",hmahaliz@gmail.com,,
"Pontikes, Elizabeth G.",epontikes@chicagobooth.edu,,
"Rianti, Ririen S.",ririen@gmail.com,,
"Sheridan, Terry A.",terry@guardianangelexecutives.com,,
"Leeper, Eric M.",eleeper@indiana.edu,eleeper@indiana.edu,
"Gaggl, Paul",pgaggl@uncc.edu,,
"Mehmood, Asim",asmjvd@gmail.com,,
"Reed, Alex",areed@uga.edu,,
"Newton, David I.",david.newton@concordia.ca,,
"Breen, William",w-breen@nwu.edu,,
"Zhao, Lei",l.zhao@icmacentre.ac.uk,,
"Ready, Robert C.",robert.ready@ur.rochester.edu,,
"Chavan, Rajashri R.",chavanrajashri22@gmail.com,,
"Bauman, Christine C.",christine.bauman@uni.edu,,
"Tuijp, Patrick",pfa.tuijp@gmail.com,p.f.a.tuijp@uvt.nl,
"Drossos, Dimitris",drosos@aueb.gr,,
"Vu, Van H.",van.vu@monash.edu,,
"Llano, Carlos",carlos.llano@uam.es,,
"Rouwendal, Jan",j.rouwendal@vu.nl,,
"Dietrich, J. Richard",dietrich@cob.osu.edu,,
"Owen, Robert H.",robhowen@email.arizona.edu,,
"Rottke, Nico B.",rottke.ebs@rem-institute.org,,
"Zhang, Jun",jun.zhang@utdallas.edu,,
"Chi, Wei",wchi83@hotmail.com,,
"Seidmann, Abraham",avi.seidmann@simon.rochester.edu,,
"Batchuluun, Amrita",amrita_mn@yahoo.com,,
"Andrieu, Guillaume",g.andrieu@supco-montpellier.fr,,
"Zamani, Efpraxia",efzamani@gmail.com,,
"Arifoglu, Kenan",k.arifoglu@ucl.ac.uk,,
"Bruce, Kyle",kyle.bruce@mgsm.edu.au,,
"Mohite, Vikram M.",vikram.mohite@yahoo.co.in,,
"Mesters, Geert",gmesters@nscr.nl,,
"Ziebarth, Nicolas R.",nrz2@cornell.edu,nziebarth@diw.de,nziebarth@diw.de
"Skowronski, Slawomir",slawomir.skowronski@pwr.wroc.pl,,
"Scollay, Robert",r.scollay@auckland.ac.nz,,
"Mo, Kyoungwon",modeng1@business.kaist.ac.kr,,
"Marti, Carlos",cmarti@iese.edu,,
"Bajlum, Claus",cb.fi@cbs.dk,,
"Vissa, Balagopal",balagopal.vissa@insead.edu,,
"Oksanen, Ville",ville.oksanen@hiit.fi,,
"Davis, Dawn",davisd37@unlv.nevada.edu,,
"Buchan, Jenny M.",jm.buchan@unsw.edu.au,jm.buchan@unsw.edu.au,
"Echterling, Fabian",fabian.echterling@uni-bamberg.de,,
"Tsetlin, Ilia",ilia.tsetlin@insead.edu,,
"Wang, Jingqi",jingqi-wang@kellogg.northwestern.edu,,
"Ramanathan, Ramakrishnan",ram.ramanathan@nottingham.ac.uk,,
"Westermann, Frank",office.westermann@uni-osnabrueck.de,office.westermann@uni-osnabrueck.de,
"Terhaar, Lars",l.terhaar@icmacentre.ac.uk,,
"Uboe, Jan",jan.uboe@nhh.no,,
"Haack, Patrick",patrick.haack@uzh.ch,,
"Uzmanoglu, Cihan",cuzmanog@binghamton.edu,,
"Li, Tao",txl071000@utdallas.edu,,
"Harstad, Bård",bardh@econ.uio.no,,
"Guma, Prince K.",gumaprince@yahoo.com,,
"Hubert, Franz",hubert@wiwi.hu-berlin.de,,
"Kang, Wanmo",wanmo.kang@kaist.edu,,
"Andreu, Laura",landreu@unizar.es,,
"Olesen, Kasper V.",kolesen@creates.au.dk,kolesen@creates.au.dk,
"Herbertsson, Tryggvi T.",tthh@hi.is,,
"Gomez, Sandalio",sgomez@iese.edu,,
"Stango, Victor",vstango@ucdavis.edu,,
"Paxson, Dean",dpaxson@man.mbs.ac.uk,,
"Inam, Bilal",bilal.aqil49@gmail.com,,
"Glover, Brent",gloverb@andrew.cmu.edu,,
"T., Shobana",tshobana10@gmail.com,,
"Jung, Robert C.",robert.jung@uni-hohenheim.de,,
"Mollica, Vito",vito.mollica@mgsm.edu.au,vito.mollica@mgsm.edu.au,
"Ben Salah, Mona",mona.bensalah@fsegs.rnu.tn,,
"Spiridon, Cristian",kristian_spiridon@yahoo.com,,
"Duhaime, Irene",iduhaime@gsu.edu,,
