Name,Email-1,Email-2
"Gutierrez-Goiria, Jorge",jorge.gutierrez@ehu.es,
"Matthews, Alan",alan.matthews@tcd.ie,
"Maheshwari, Mridul",mridul.maheshwari@iimu.ac.in,
"Saxena, Konark",k.saxena@unsw.edu.au,
"Kang, Chang Mo",chang.kang@unsw.edu.au,
"Kishore, Runeet",runeet.kishore@duke.edu,
"Bosch, David",boschdav@wiwi.hu-berlin.de,
"Lu, Liping",l.lu@vu.nl,
"Beigman, Eyal",e-beigman@northwestern.edu,
"Broihanne, Marie-Hélène",mhb@cournot.u-strasbg.fr,
"Cohen, Shmuel",zivasefi@netvision.net.il,
"Adams, John",jadamsucsd@gmail.com,
"Pozza, Lorenzo",lorenzo.pozza@unibocconi.it,
"Röder, Klaus",klaus.roeder@wiwi.uni-regensburg.de,
"Della Giusta, Marina",m.dellagiusta@rdg.ac.uk,
"Schaub, Eva-Maria",eva-maria.schaub@uni-tuebingen.de,
"Hopkins, Anthony",anthony.hopkins@canberra.edu.au,
"Straetmans, Stefan",s.straetmans@maastrichtuniversity.nl,
"Muhanna, Waleed A.",muhanna.1@osu.edu,
"Mukherji, Sourav",souravm@iimb.ernet.in,
"Miles, William",william.miles@wichita.edu,
"Chakravarti, Amitav",achakrav@stern.nyu.edu,
"Beigman Klebanov, Beata",beata@kellogg.northwestern.edu,
"Bamber, Greg J.",gregbamber@gmail.com,gregbamber@gmail.com
"Joliet, Robert",r.joliet@ieseg.fr,r.joliet@ieseg.fr
"Pablo, Chrys",policycenter@aim.edu,
"Buie, Elissa",elissa@yebu.com,
"Readman, Jeff",j.a.readman@bton.ac.uk,
"Demougin, Dominique",dominique.demougin@ebs.edu,
"Li, Xiaodi",xiaodi.lxd@gmail.com,
"Ventura, Jaume",jventura@crei.cat,
"Adegbesan, J. A.",tadegbesan@lbs.edu.ng,
"Black, Harold A.",hblack@utk.edu,
"Bayar, Asli",abayar@cankaya.edu.tr,
"Kessler, Daniel P.",fkessler@stanford.edu,
"Muzio, Daniel",dm@lubs.leeds.ac.uk,
"Bazzazian, Navid",navid.bazzazian@hec.edu,
"Langer, Nishtha",nishtha_langer@isb.edu,nishtha@cmu.edu
"Hambusch, Gerhard",gerhard.hambusch@gmail.com,
"Picone, Gabriel",gpicone@coba.usf.edu,
"Conlon, Donald E.",conlon@msu.edu,
"Krammer, Sorin M.",sorin.krammer@gmail.com,
"Rayo, Luis",lrayo@gsb.uchicago.edu,
"Nautz, Dieter",dieter.nautz@fu-berlin.de,
"Kim, Sang-Hyun",sang.kim@yale.edu,
"Johnson, Cathleen A.",cjohnson@eller.arizona.edu,cathleen.johnson@cirano.qc.ca
"Grocki, Matthew B.",mbgrocki@hotmail.com,
"Burrows, Andrew J.",andrew.burrows@nottingham.ac.uk,
"Schatzberg, John",schatzberg@mgt.unm.edu,
"Brutti, Filippo",filippo.brutti@econ.uzh.ch,
"Olszak, Małgorzata A.",molszak@wz.uw.edu.pl,
"Tremewan, James",james.tremewan@univie.ac.at,
"Ling, Yun",yunling0115@gmail.com,
"Gancia, Gino",gino.gancia@upf.edu,
"Cuoco, Domenico",cuoco@wharton.upenn.edu,
"Bhatt, Pushpa",pushpabhatt12@gmail.com,
"Park, Kun Soo",kunsoo@kaist.ac.kr,
"Jain, Kriti",kriti.jain@insead.edu,
"Chiang, Kevin C.H.",ffkcc@uaf.edu,kevinemily@prodigy.net
"Kunc, M. H.",martin.kunc@wbs.ac.uk,
"Maccheroni, Fabio",fabio.maccheroni@uni-bocconi.it,
"Aimone, Jason A.",jason.aimone@gmail.com,
"Hunter, Gary K.",gkh5@case.edu,
"Jorgensen, Kjell",kjell.jorgensen@bi.no,
"Kirkbride, James",j.kirkbride@livjm.ac.uk,j.kirkbride@lmu.ac.uk
"Malone, Jacob B.",jbmalone@uga.edu,
"Olusi, Olasupo",olasupo.olusi@durham.ac.uk,
"Grechyna, Daryna",dgrechna@gmail.com,
"Tsamakos, Argiris",tsamakos@aueb.gr,
"Friedland, Julian",friedlandj@gmail.com,
"Nasseh, Alireza",nasseha@slu.edu,
"Thapa, Jimmie R.",raethapa@yahoo.com,
"Shifman, Pinhas",shif@clb.ac.il,
"Peltzman, Sam",sam.peltzman@gsb.uchicago.edu,
"Li, Lei",lei.li@ku.edu,
"Sepinwall, Amy J.",sepin@wharton.upenn.edu,
"Bremberger, Francisca",francisca.bremberger@wu.ac.at,
"Bulkley, George",george.bulkley@bristol.ac.uk,
"Audi, Robert",raudi@nd.edu,
"Garcia Palma, Rodrigo",rsgarcia@mit.edu,
"Smith, Ed",emsmit0@uky.edu,
"Rockart, Scott",srockart@unc.edu,srockart@duke.edu
"Florios, Kostas",cflorios@central.ntua.gr,cflorios@central.ntua.gr
"Marosi, Andras",amarosi@ualberta.ca,
"Ramanathan, Smita",s_ramanathan9@yahoo.com,
"Tong, Tony W.",wtong@colorado.edu,
"Severino, Felipe",fseverin@mit.edu,
"Zerom, Dawit",dawit@ualberta.ca,
"Hsu, Ming",mhsu@haas.berkeley.edu,
"Reindl, Johann",johann.reindl@bi.no,
"Marotta, Giuseppe",giuseppe.marotta@unimore.it,giuseppe.marotta@unimore.it
"Bhuiyan, Md. Hamid U.",mh2bhuiyan@students.latrobe.edu.au,
"Qian, Xiaolin",xiaolinqian@umac.mo,
"Lai, Rose N.",roselai@umac.mo,
"Pollak, Robert A.",pollak@olin.wustl.edu,
"Carroll, John S.",jcarroll@mit.edu,
