Name,Email-1,Email-2,Email-3
"Hashi, Iraj",i.hashi@staffs.ac.uk,i.hashi@staffs.ac.uk,
"Greene, Francis J.",francis.greene@warwick.ac.uk,,
"Frei , Frances X.",ffrei@hbs.edu,,
"Zhang, Hao",hzhang@uvic.ca,,
"Polanec, Saao",saso.polanec@ef.uni-lj.si,saso.polanec@ef.uni-lj.si,
"Rao, Asha",asha.rao@csueastbay.edu,,
"Chatterjee, Arpita",arpita.chatterjee@unsw.edu.au,,
"Pendse, Shantanu J.",sjpendse@gmail.com,,
"Huang, Garland",garland.huang@student.unsw.edu.au,,
"Orhun, A. Yesim",aorhun@umich.edu,,
"Bloomfield, Matthew J.",mbloomfi@chicagobooth.edu,,
"Maher, Imelda",imelda.maher@ucd.ie,,
"Kancs, d'Artis",dartis.kancs@econ.kuleuven.be,,
"Stähler, Frank",frank.staehler@uni-tuebingen.de,frank.staehler@uni-tuebingen.de,frank.staehler@adelaide.edu.au
"Tàpies, Josep",jtapies@iese.edu,,
"Odasso, Maria M.",cristina.odasso@icm-research.com,,
"Basistha, Arabinda",arbasistha@mail.wvu.edu,,
"Geismar, Neil",ngeismar@mays.tamu.edu,,
"Wozny, Lukasz P.",lwozny@asu.edu,,
"Dionysiou, Dionysia",dionysia.dionysiou@stir.ac.uk,,
"Morgan, David E.",d.morgan@unsw.edu.au,,
"Advani, Jai Y.",jaiya00@iimb.ernet.in,,
"Lee, Brandon H.",b.lee@mbs.edu,,
"Gedajlovic, Eric",ssrn@gedajlovic.com,,
"Baroni, Michel",baroni@essec.fr,,
"Han, Xi",xihanj@gmail.com,,
"Binswanger, Hans",binswangerh@gmail.com,binswangerh@gmail.com,binswangerh@gmail.com
"Ye, Qing",qingye@sem.tsinghua.edu.cn,,
"Johnsen, Thomajean",tjohnsen@du.edu,,
"Buyst, Erik",erik.buyst@econ.kuleuven.be,,
"Bleakley, C. H.",cbleakle@chicagobooth.edu,bleakley@chicagogsb.edu,
"Jarvenpaa, Sirkka",sirkka.jarvenpaa@mccombs.utexas.edu,,
"Bao, Te",t.bao@rug.nl,t.bao@uva.nl,
"Seteroff, Sviatoslav S.",seteroff@earthlink.net,,
"Demirakos, Efthimios G.",demirakos@aueb.gr,,
"Diether, Karl B.",diether@dartmouth.edu,,
"Vyakarnam, Shai",s.vyakarnam@jbs.cam.ac.uk,,
"Schofield, Laura",les88@georgetown.edu,,
"Tasserit, Christophe",christophetasserit@gmail.com,,
", Patrik A.",patrik@karrberg.com,,
"Dakshinamoorthy, Vijay",vijay.dakshinamoorthy@gmail.com,,
"Durand, Robert B.",robert.durand@curtin.edu.au,,
"Boyne, George",boyne@cf.ac.uk,,
"Mallucci, Paola",pmallucci@bus.wisc.edu,,
"Bellora, Lucia",lucia.bellora@tu-dresden.de,,
"Ceja, Lucia",lceja@iese.edu,,
"Bennett-Alexander, Dawn D.",dawndba@gmail.com,,
"Kumar, Rohtas",rohtask00@iimb.ernet.in,,
"March, Salvatore T.",sal.march@owen.vanderbilt.edu,,
"Grein, Barbara M.",bgrein@drexel.edu,,
"Figuerola-Ferretti, Isabel",ifgarrig@emp.uc3m.es,,
"Perfecto, Hannah",hannah_perfecto@haas.berkeley.edu,,
"Jurzyk, Emilia M.",emilia.jurzyk@econ.kuleuven.be,,
"Fabrizi, Simona",s.fabrizi@massey.ac.nz,,
"Saar-Tsechansky, Maytal",maytal.saar-tsechansky@mccombs.utexas.edu,,
"Feinstein, Jonathan S.",jonathan.feinstein@yale.edu,,
"Avittatur, Balram",balram.avittatur@iimcal.ac.in,,
"Burke, Paul F.",paul.burke@uts.edu.au,,
"Artemenkov, Igor L.",artemenkov@inbox.ru,,
"Nocetti, Diego",dnocetti@clarkson.edu,,
"Bingley, Paul",pb@ncrr.dk,,
"Du, Qianqian",dqqmm@ust.hk,,
"Chang, Chinghung (Henry)",cchang40@asu.edu,,
"Campuzano, Lydia G.",drlc@sbcglobal.net,,
"Wijaya, Sienly V.",lee_pingping@yahoo.com,,
"Lee, Ka Lok",kaloklee@alumni.upenn.edu,,
"Henry, Peter B.",pbhenry@nyu.edu,pbhenry@stanford.edu,
"Nandkumar, Anand",anand_nankumar@isb.edu,,
"Zebad, Martin",mzebad@bluewin.ch,,
"Bayır, Fırat",firat.bayir@gmail.com,,
"Baumohl, Eduard",eduard.baumohl@euke.sk,,
"Han, Xiao",xiao.han@utexas.edu,,
"Tsuji, Yukitami",tsuji@fbc.keio.ac.jp,,
"Westbrook, Robert A.",westbro@rice.edu,,
"Chauhan, Tarini",tarini121@gmail.com,,
"Dejaeger, Karel",karel.dejaegher@econ.kuleuven.be,,
"Kim, Moshe",kim@econ.haifa.ac.il,kim@econ.haifa.ac.il,
"Barnett, William P.",william_barnett@gsb.stanford.edu,,
"Harrison, J. M.",harrison_michael@gsb.stanford.edu,,
"Kang, Sang Yop",sang918@gmail.com,,
"Caron, Filip",filip.caron@kuleuven.be,,
"Gupta, Gunjan",gunjangupta99@yahoo.co.in,,
"Gale, James R.",jrgale@mtu.edu,,
"Wang, Hefei",hfwang@uic.edu,,
"O'Kane, Dominic",dominic.okane@edhec-risk.com,,
"Jagdale, Sarang",sarangcj00@iimb.ernet.in,,
"Muhenda, Mary B.",mmuhenda@yahoo.com,,
"Dasgupta, Indraneel",indranell.dasgupta@durham.ac.uk,,
"Zamojski, Marcin",m.zamojski@vu.nl,,
"Mula, Joseph M.",joseph.mula@usq.edu.au,,
"Pons-Sanz, Vicente P.",vicente.pons@yale.edu,,
"Werner, Katharina",kwerner@uni-goettingen.de,,
"Layson, Stephen K.",layson@uncg.edu,,
"Greenbaum, Stuart I.",greenbaum@wustl.edu,,
"Wouterson, Jerry",jerry.wouterson@gmail.com,,
"Zucchini, Leon",l.zucchini@lmu.de,,
