Name,Email-1,Email-2,Email-3
"Hombert, Johan",hombert@hec.fr,,
"Wese Simen, Chardin",c.wese-simen@liverpool.ac.uk,,
"Chaigneau, Pierre",pierre.chaigneau@hec.ca,,
"Allen, William A.",bill@allen-economics.com,,
"Plehn-Dujowich, Jose M.",jplehn@temple.edu,,
"Agrawal, Vishal",va64@georgetown.edu,,
"Fellenz, Martin R.",mfellenz@tcd.ie,,
"Murtinu, Samuele",samuele.murtinu@polimi.it,samuele.murtinu@polimi.it,
"Khan, Arifur",arifur.khan@deakin.edu.au,,
"McKnight, Phillip J.",phillip.mcknight@st-andrews.ac.uk,,
"Weitzel, Utz",u.weitzel@fm.ru.nl,u.weitzel@econ.uu.nl,
"Laplante, Stacie Kelley",slaplante@bus.wisc.edu,,
"Černý, Aleš",cerny@martingales.info,,
"Sánchez Abril, Patricia",pabril@miami.edu,,
"Ostdiek, Barbara",ostdiek@rice.edu,,
"Kim, Seoyoung",srkim@scu.edu,,
"Lobe, Sebastian",sebastian.lobe@wiwi.uni-regensburg.de,sebastian.lobe@wiwi.uni-regensburg.de,
"Casu, Barbara",b.casu@city.ac.uk,,
"Abernethy, Margaret A.",m.abernethy@unimelb.edu.au,,
"Akins, Brian K.",akins@rice.edu,,
"Fee, C. Edward",fee@msu.edu,,
"Lavie, Dovev",dlavie@tx.technion.ac.il,,
"McKeon, Stephen B.",smckeon@uoregon.edu,,
"Levin, Avner",avner.levin@ryerson.ca,,
"Eckhardt, Giana",geckhardt@suffolk.edu,,
"Ghent, Andra C.",aghent@asu.edu,,
"Mishra, Richa",richamishra128@gmail.com,,
"Havaldar, Krishna K.",krishnahavaldar31@gmail.com,,
"Matsumoto, Dawn",damatsu@u.washington.edu,,
"Malliaris, A. (Tassos) G.",tmallia@luc.edu,,
"Imam, Shahed",afinsi@wbs.ac.uk,,
"Zhang, Cherry Y.",cherry-yi.zhang@nottingham.edu.cn,y.zhang6@massey.ac.nz,
"Carden, Art",art.carden@gmail.com,,
"Lambrecht, Bart",b.lambrecht@jbs.cam.ac.uk,,
"Li, Kevin",mrkevinli@yahoo.co.uk,,
"Tiwari, Ashish",ashish-tiwari@uiowa.edu,,
"Malatesta, Paul H.",phmalat@u.washington.edu,,
"Hastie, Reid",reid.hastie@gsb.uchicago.edu,,
"Tatlah, Ijaz A.",tatlah333@yahoo.com,,
"Charitou, Andreas",charitou@ucy.ac.cy,,
"Dowd, Kevin",kevin.dowd@nottingham.ac.uk,,
"Hadlock, Charles J.",hadlock@msu.edu,,
"Matvos, Gregor",gmatvos@chicagogsb.edu,,
"Jiménez-Martin, Juan-Angel",juanangel@ccee.ucm.es,,
"Kaul, Aditya",akaul@gpu.srv.ualberta.ca,,
"Yan, Meng",mengyan2005@gmail.com,,
"Kim, Jae H.",j.kim@latrobe.edu.au,,
"López-Iturriaga, Félix J.",flopez@eco.uva.es,flopez@eco.uva.es,
"Cosset, Jean-Claude",jean-claude.cosset@hec.ca,,
"Yisau Abiodun, Babalola",babayisau@hotmail.com,,
"Torous, Walter N.",walter.n.torous@anderson.ucla.edu,,
"Fini, Riccardo",riccardo.fini@unibo.it,r.fini@imperial.ac.uk,
"Davidson, Robert H.",rhd22@georgetown.edu,,
"Garud, Raghu",rgarud@psu.edu,,
"Mello, Antonio S.",amello@bus.wisc.edu,,
"Cooper, Tommy",tcooper@bus.olemiss.edu,,
"Yan, Se",seyan@gsm.pku.edu.cn,,
"Williamson, James E.",james.williamson@sdsu.edu,,
"Sedatole, Karen L.",sedatole@msu.edu,,
"Bonini, Stefano",sbonini@stevens.edu,sbonini@unibocconi.it,stefano.bonini@unibocconi.it
"Fang, Zheng",fangzheng@gsm.pku.edu.cn,,
"Cantarelli, Chantal C.",chantal.cantarelli@sbs.ox.ac.uk,,
"Yang, Jun",jy4@indiana.edu,,
"Moeller, Sara B.",sbmoeller@katz.pitt.edu,,
"Andrikopoulos, Andreas",apa@aegean.gr,,
"Colla, Paolo",paolo.colla@unibocconi.it,paolo.colla@unibocconi.it,
"Chesbrough, Henry",hchesbrough@hbs.edu,chesbrou@haas.berkeley.edu,
"Dezso, Cristian L.",cdezso@rhsmith.umd.edu,,
"Kothari, Vinod",vinodk@vsnl.com,,
"Pomorski, Lukasz",lpomorski@rotman.utoronto.ca,,
"Murray, Fiona E.",fmurray@mit.edu,,
"Ince, Ozgur S.",ozgur.ince@moore.sc.edu,,
"Liljeblom, Eva",eva.liljeblom@hanken.fi,,
"Lewellen, Jonathan W.",jon.lewellen@dartmouth.edu,,
"Intintoli, Vincent",vintinn@yahoo.com,,
"Dybvig, Philip H.",phil@dybfin.wustl.edu,,
"Boguth, Oliver",oliver.boguth@asu.edu,,
"Stefea , Petru",petru.stefea@feaa.uvt.ro,,
