Name,Email-1,Email-2,Email-3
"Gilbert, Stephen",steve.gilbert@mccombs.utexas.edu,,
"Tumbe, Chinmay",chinmay.tumbe@gmail.com,,
"Buch, Claudia M.",claudia.buch@uni-tuebingen.de,,
"Natividad, Gabriel",gnativid@stern.nyu.edu,,
"Canare, Tristan A.",tristan_canare@yahoo.com,,
"Dekker, Henri C.",hdekker@feweb.vu.nl,,
"Berndt, Antje",aberndt@ncsu.edu,,
"DeGennaro, Ramon P.",rdegenna@utk.edu,,
"Kim, Soohun",soohun-kim@kellogg.northwestern.edu,,
"Otter, Thomas",otter@marketing.uni-frankfurt.de,,
"Levine, David I. I.",levine@haas.berkeley.edu,,
"Gao Bakshi, Xiaohui",xiaohui@hku.hk,,
"Philipov, Alexander",aphilipo@gmu.edu,,
"Rauter, Thomas",thomas.rauter@wu.ac.at,thomas.rauter@wu.ac.at,
"Dow, James",jdow@london.edu,,
"von Nordenflycht, Andrew",vonetc@sfu.ca,,
"Israelsen, Ryan D.",risraels@indiana.edu,,
"Katz, Sharon P.",sk2280@columbia.edu,,
"Kaspereit, Thomas",thomas.kaspereit@uni-oldenburg.de,,
"Joo, Mingyu",joo.85@osu.edu,,
"Ghosh, Pulak",pulak.ghosh@iimb.ernet.in,,
"Galí, Jordi",jordi.gali@upf.edu,jgali@mit.edu,
"Krishnamurthy, Prasad",prasad@law.berkeley.edu,prasad@law.berkeley.edu,prasad@econ.berkeley.edu
"Lal, Irfan",irf_yoch@yahoo.com,irf_yoch@yahoo.com,
"Engsted, Tom",tengsted@creates.au.dk,,
"Joslin, Scott",sjoslin@usc.edu,,
"Bianchi, Daniele",daniele.bianchi@wbs.ac.uk,,
"Huang, Huichou",huichou.huang@exeter.oxon.org,,
"Dudley, Evan",evan.dudley@queensu.ca,,
"Cai, Charlie X.",busxc@leeds.ac.uk,,
"Burke, Andrew E.",andrew.burke@cranfield.ac.uk,,
"Autukaite, Ruta",ruta.autukaite@edhec.com,,
"Altamuro, Jennifer Lynne M.",altamuro.1@osu.edu,jennifer.altamuro@villanova.edu,
"Nicodeme, Gaetan",gaetan.nicodeme@ec.europa.eu,,
"Greene, Richard T.",richardtgreene@alum.mit.edu,richardtgreene@alum.mit.edu,
"Yetman, Michelle",mhyetman@ucdavis.edu,,
"Tanaka, Yuko",yuko-tanaka@nii.ac.jp,,
"Rose, Lawrence C.",l.c.rose@massey.ac.nz,,
"Zhu, Julie",juliezhu@bu.edu,,
"Yang, Jian",jian.yang@ucdenver.edu,,
"Bell, David R.",davidb@wharton.upenn.edu,,
"Jung, Michael J.",mjung@stern.nyu.edu,,
"Stark, Andrew W.",andrew.stark@mbs.ac.uk,,
"Monroe, Gary S.",g.monroe@unsw.edu.au,,
"Konsynski, Benn",benn_konsynski@bus.emory.edu,,
"Solieri, Steven A.",solieris2@uofs.edu,,
"Hoyt, Robert E.",rhoyt@terry.uga.edu,,
"Kalev, Petko S.",petko.kalev@unisa.edu.au,petko.kalev@unisa.edu.au,
"Weigand, Robert A.",profweigand@yahoo.com,,
"Sevilir, Merih",msevilir@indiana.edu,,
"Kini, Omesh",fncokk@langate.gsu.edu,,
"Kalay, Avner",kalay1@post.tau.ac.il,finak@business.utah.edu,
"Kahraman, Bige",bige.kahraman@hhs.se,,
"Alexandridis, George",g.alexandridis@icmacentre.ac.uk,,
"Hope, Christopher",c.hope@jims.cam.ac.uk,,
"Grimaldi, Rosa",rosa.grimaldi@unibo.it,,
"Van Mieghem, Jan A.",vanmieghem@kellogg.northwestern.edu,,
"Zhang, Haiwen",zhang.614@osu.edu,,
"Andrews, Michelle",michelle.andrews@temple.edu,,
"Marom, Dan",dan.marom@mail.huji.ac.il,,
"Marinc, Matej",matej.marinc@ef.uni-lj.si,m.marinc@uva.nl,
"Mogilner, Cassie",mogilner@wharton.upenn.edu,,
"Markov, Stanimir",smarkov@smu.edu,,
"Fair, Ray C.",ray.fair@yale.edu,ray.fair@yale.edu,
"Harp, Nancy",nharp@clemson.edu,,
"Febianto, Irawan",i_febianto@yahoo.com,,
"Lampenius, Niklas",niklas.lampenius@uni-hohenheim.de,,
"Moore, Michael J.",michael.moore@wbs.ac.uk,,
"Platt, Marjorie",m.platt@neu.edu,,
"Roybark, Helen M.",hmroybark@radford.edu,,
"Jennings, Ross",rjennings@mail.utexas.edu,,
"Pitelis, Christos N.",c.pitelis@jbs.cam.ac.uk,,
"Gatchev, Vladimir A.",vgatchev@bus.ucf.edu,,
"Boodhoo, Roshan",roshanboodhoo@intnet.mu,roshanboodhoo@intnet.mu,
"Narayanan, Rajesh P.",rnarayan@lsu.edu,,
"Taylor, Stephen J.",s.taylor@lancaster.ac.uk,,
