Name,Email-1,Email-2,Email-3,Email-4,Email-5
"Uppal , Raman",raman.uppal@edhec.edu,,,,
"Arruñada, Benito",benito.arrunada@upf.edu,,,,
"Cummins, J. D.",cummins@temple.edu,cummins@wharton.upenn.edu,,,
"Minnis, Michael",michael.minnis@chicagobooth.edu,,,,
"Ruback, Richard S.",rruback@hbs.edu,,,,
"Subrahmanyam, Marti G.",msubrahm@stern.nyu.edu,,,,
"Bradshaw, Mark T.",mark.bradshaw@bc.edu,,,,
"Karnani, Aneel G.",akarnani@umich.edu,,,,
"Deakin, Simon F.",s.deakin@cbr.cam.ac.uk,s.deakin@cbr.cam.ac.uk,,,
"Amiram, Dan",da2477@columbia.edu,,,,
"Milevsky, Moshe A.",milevsky@yorku.ca,,,,
"Louis, Henock",hul4@psu.edu,,,,
"Halford, Joseph T.",halford@uwm.edu,,,,
"Goldstein, Itay",itayg@wharton.upenn.edu,,,,
"Amihud, Yakov",yamihud@stern.nyu.edu,,,,
"Wang, Tracy Y.",wangx684@umn.edu,,,,
"Duffie, Darrell",duffie_darrell@gsb.stanford.edu,,,,
"Maksimovic, Vojislav",vmaksimovic@rhsmith.umd.edu,,,,
"Cole, Rebel A.",rcole@depaul.edu,,,,
"Whalen, Christopher",chris@rcwhalen.com,chris@rcwhalen.com,chris@rcwhalen.com,chris@rcwhalen.com,chris@rcwhalen.com
"Poon, Ser-Huang",ser-huang.poon@manchester.ac.uk,,,,
"Lim, Chee Yeow",alimcy@ntu.edu.sg,,,,
"Gormley, Todd A.",tgormley@wharton.upenn.edu,,,,
"Pierce, Lamar",pierce@wustl.edu,,,,
"Claussen, Jörg",j.claussen@cbs.dk,,,,
"Luo, Xueming",luoxm@temple.edu,luoxm@temple.edu,,,
"Johnstone, Karla M.",kjohnstone@bus.wisc.edu,,,,
"Kang , Jun-Koo",jkkang@ntu.edu.sg,,,,
"Dou, Yiwei",ydou@stern.nyu.edu,,,,
"Yazdifar, Hassan",hassan.yazdifar@glasgow.ac.uk,,,,
"Schoenmaker, Dirk",dirk.schoenmaker@dsf.nl,d.schoenmaker@vu.nl,,,
"Corwin, Shane A.",scorwin@nd.edu,,,,
"Wahlen, James M.",jwahlen@indiana.edu,,,,
"Sapovadia, Vrajlal K.",prof_sapovadia@yahoo.co.in,,,,
"Knechel, W. Robert",w.knechel@cba.ufl.edu,,,,
"Giannetti, Mariassunta",mariassunta.giannetti@hhs.se,mariassunta.giannetti@hhs.se,,,
"Verbeek, Marno",mverbeek@rsm.nl,,,,
"Agrawal, Anup",aagrawal@cba.ua.edu,,,,
"Glabadanidis, Paskalis",pglabadanidis@gmail.com,,,,
"Summers, Scott L.",summers@byu.edu,,,,
"Chaudhuri, Ranadeb",chaudhur@oakland.edu,,,,
"Malone, Thomas W.",malone@mit.edu,,,,
"Lynch, Luann J.",lynchl@darden.virginia.edu,,,,
"Joshi, Manoj",manoj.joshi.m@gmail.com,,,,
"Patatoukas, Panos N.",panos@haas.berkeley.edu,,,,
"Crack, Timothy F.",tcrack@business.otago.ac.nz,,,,
"Hou, Wenxuan",wenxuanhou@gmail.com,wenxuanhou@gmail.com,,,
"Bhattacharya, CB",cb@esmt.org,,,,
"Howard, C. T.",thoward@du.edu,thoward@du.edu,,,
"Wang, Clare",clare-wang@kellogg.northwestern.edu,,,,
"Fang, Jiali",j.fang@massey.ac.nz,,,,
"Bertus, Mark",bertumj@auburn.edu,,,,
"Bertrand, Marianne",marianne.bertrand@chicagogsb.edu,bertrand@nber.org,,,
"Huang, Jing-Zhi",jxh56@psu.edu,,,,
"Zhang, Xiao-Jun",xzhang@haas.berkeley.edu,,,,
"Elfenbein, Hillary Anger",hillary@post.harvard.edu,,,,
"Goyal, Amit",amit.goyal@unil.ch,amit.goyal@unil.ch,,,
"Pontiff, Jeffrey E.",pontiff@bc.edu,,,,
"Sensoy, Berk A.",bsensoy@fisher.osu.edu,,,,
"Wagner, Hannes F.",hannes.wagner@unibocconi.it,hannes.wagner@unibocconi.it,,,
"Kuppuswamy, Venkat",venkat@unc.edu,,,,
"Smith, David M.",ds693@albany.edu,,,,
"Lennox, Clive",cslennox@ntu.edu.sg,,,,
"Baldwin, Carliss Y.",cbaldwin@hbs.edu,,,,
"Hotchkiss, Edith S.",hotchkis@bc.edu,,,,
"McCubbins, Mathew D.",mathew.mccubbins@duke.edu,,,,
"Sulkowski, Adam J.",asulkowski@umassd.edu,,,,
"Zaring, David T.",zaring@wharton.upenn.edu,,,,
"Morellec, Erwan",erwan.morellec@epfl.ch,erwan.morellec@epfl.ch,,,
"Choi, Hak",hakchoi@gmail.com,hakchoi@gmail.com,,,
"Piotroski, Joseph D.",jpiotros@gsb.stanford.edu,,,,
"Guedhami, Omrane",omrane.guedhami@moore.sc.edu,,,,
"Murray, Scott",smurray6@unl.edu,,,,
"Hu, Jianfeng",jianfenghu@smu.edu.sg,,,,
"Bondarenko, Oleg",olegb@uic.edu,,,,
"Wang, Cong",congwang@baf.msmail.cuhk.edu.hk,,,,
"Ang , James S.",jang@cob.fsu.edu,,,,
"Hay, David",d.hay@auckland.ac.nz,,,,
"Stork, Philip A.",p.a.stork@vu.nl,p.a.stork@vu.nl,,,
"Nanda, Ramana",rnanda@hbs.edu,,,,
