Name,Email-1,Email-2,Email-3
"Klann, Nils-Hendrik",hhk@uni-goettingen.de,,
"Vaidya, Parth",parth.p.vaidya@gmail.com,,
"Pohlmann, Tim C.",tim.pohlmann@tu-berlin.de,,
"Fraser, Donald R.",d-fraser@tamu.edu,,
"Serrano Quintero, Rafael",rafserqui@gmail.com,,
"Tzavalis, Elias",e.tzavalis@aueb.gr,,
"Karathanassis, George",gkarath@aueb.gr,,
"Behfar, Kristin",kbehfar@uci.edu,,
"Joshi, Dr. Amitabh",dramitabhjoshi@gmail.com,,
"Aribi, Zakaria A.",zali-aribi@uclan.ac.uk,,
"Asare, Stephen K.",kwaku@ufl.edu,,
"Dunning, Joseph C.",josephclarkedunning@gmail.com,,
"Habib, Wesam M.",habib_wesam@yahoo.com,,
"Jabotinsky, Hadar Y.",hadarjabotinsky@gmail.com,hadarjabotinsky@gmail.com,
"Sampson, Rachelle C.",rsampson@rhsmith.umd.edu,,
"Moodie, Scott",scott.moodie@esade.edu,,
"Allen, William T.",wallen@stern.nyu.edu,,
"Ahmad, Munir",drmunir@ncbae.edu.pk,,
"van den Brink, René",jrbrink@feweb.vu.nl,jrbrink@feweb.vu.nl,jrbrink@feweb.vu.nl
"Chaudhuri, Ananish",a.chaudhuri@auckland.ac.nz,,
"Samel, Hiram M.",hiram.samel@sbs.ox.ac.uk,,
"Yu, Shaokun C.",shaokunyu@niu.edu,,
"Štok, Zlatka M.",zlatka.stok@fm-kp.si,,
"Zhang, Qi",qz@lubs.leeds.ac.uk,,
"Yu, Yu",yyu5@gsu.edu,,
"Siourounis, Gregorios",gsiourounis@london.edu,,
"Cheng, Rita H.",rcheng@uwm.edu,,
"Parker, Jonathan A.",japarker@mit.edu,,
"Thomson, James B.",thomson1@uakron.edu,,
"Timothy, Vedastus L.",vedastust@yahoo.com,vedastust@yahoo.com,
"Møen, Jarle",jarle.moen@nhh.no,,
"Singhal, Divya",divyasinghal@gim.ac.in,,
"Barraza, J. Santiago E.",sbarraza@walton.uark.edu,,
"Lahmann, Alexander D.",alexander.lahmann@hhl.de,,
"Clark, Robert L.",robert_clark@ncsu.edu,,
"Anjum, Saad",saadanjum@outlook.com,saadanjum@outlook.com,
"Purohit, Debu",purohit@duke.edu,,
"Menon, Abhilash",abhilash87@gmail.com,,
"Weigand, Jürgen",jweigand@whu.edu,,
"Zhou, Wenqi",zhouw@duq.edu,,
"Kasper, Matthias",matthias.kasper@wu.ac.at,,
"Zhong, Zhuo",zz225@cornell.edu,,
"Maddock, Rodney",rodney.maddock@monash.edu,rodney.maddock@monash.edu,
"Zambrana, Rafael",rzambran@emp.uc3m.es,,
"Rutström, E. Elisabet",erutstrom@bus.ucf.edu,,
"Dubynskiy, Sergey",dubynskiy@physics.umn.edu,,
"Godinho de Matos, Miguel",miguel.godinhomatos@clsbe.lisboa.ucp.pt,miguelgodinhomatos@cmu.edu,
"Roger, Patrick",proger@unistra.fr,,
"Cool, Karel",karel.cool@insead.edu,,
"Kang, Shinwoo",kshinwoo@umich.edu,shinwoo.kang@r.hit-u.ac.jp,
"Lai, Karen Kai Lin",karenlklin@yahoo.com,,
"Michel, Jean-Sebastien",jean-sebastien.michel@hec.ca,,
"Song, Michael",songmi@umkc.edu,,
"McCracken, Susan A.",smccrac@mcmaster.ca,,
"Vance, David E.",dvance@camden.rutgers.edu,,
"Rivera, Jorge E.",jrivera@gwu.edu,,
"Vivek Rao, Sadhalaxmi",sadha5@yahoo.com,,
"Lakhal, Faten",faten_lakhal@yahoo.fr,,
"Duong, Truong X.",tduong@iastate.edu,,
"Chaudhry, Dr. Naveed I.",naveed.iqbal@pugc.edu.pk,,
"Waugh, Michael E.",mwaugh@stern.nyu.edu,,
"Bolton, Gary E.",geb3@psu.edu,,
"Sonmez , Fatma S.",fatma.sonmezsaryal05@rotman.utoronto.ca,,
"Tkaczyk, Jolanta",jtkaczyk@kozminski.edu.pl,jtkaczyk@kozminski.edu.pl,
"Enders, Walter",wenders@cba.ua.edu,,
"Gilboa, Itzhak",tzachigilboa@gmail.com,,
"Zheng, Yudan",yudan.zheng@liu.edu,,
"Smets, Michael",m.smets@aston.ac.uk,,
"Madsen, Paul E.",paulmadsen@ufl.edu,,
"Chang, Yu-Sang",ysc123@kdischool.ac.kr,,
"Vogel, David J.",vogel@haas.berkeley.edu,vogel@haas.berkeley.edu,
"Kim, Ju-Young",jukim@wiwi.uni-frankfurt.de,,
"Kerckhoffs, Christian",c.kerckhoffs@ke.unimaas.nl,,
"Cho, Seonghoon",sc719@yonsei.ac.kr,,
"Santucci de Magistris, Paolo",psantucci@creates.au.dk,,
"Colen, Liesbeth",liesbeth.colen@econ.kuleuven.be,,
"Jing, Ran",ran.jing1@gmail.com,,
"Fung, Hung-Gay G.",fungh@msx.umsl.edu,,
"Adhikari, Binay K.",bkadhikari@ua.edu,,
"MacCormack, Alan",amaccormack@hbs.edu,,
"Comer, George",gc45@georgetown.edu,,
"Lipton, Phillip",phillip.lipton@buseco.monash.edu.au,,
"Ouyang, Ruolan",r.ouyang.1@research.gla.ac.uk,,
"Brown, David",dbrown7@gsmtp.babson.edu,,
"Crilly, Donal",dcrilly@london.edu,,
"Nanni, Alfred J.",nanni@babson.edu,,
"Jouaber-Snoussi, Kaouther",kaouther.jouaber@dauphine.fr,,
"Konishi, Masaru",cc00580@srv.cc.hit-u.ac.jp,,
"Smith, Sheldon R.",smithsh@uvsc.edu,,
"Finkenzeller, Konrad",konrad.finkenzeller@irebs.de,,
"Karaoglu, Emre",emre.karaoglu@mail.gsb.columbia.edu,,
"Lamotte, Olivier",olamotte@esg.fr,,
"Siddarth, Sivaramakrishnan",sivaramakrishnan.siddarth@marshall.usc.edu,,
"Uetake, Kosuke",kosuke.uetake@yale.edu,,
"Tirelli, Patrizio",patrizio.tirelli@unimib.it,patrizio.tirelli@unimib.it,
"Miebs, Felix",felix.miebs@ebs.edu,,
"Choi, Nicole Y.",nchoi@uwyo.edu,,
