Name,Email-1,Email-2,Email-3
"Yamori, Nobuyoshi",yamori@soec.nagoya-u.ac.jp,,
"Hansen, Robert S.",rob.hansen@tulane.edu,,
"Herault, Nicolas",nherault@unimelb.edu.au,,
"Rubin, Eran",erubin@sauder.ubc.ca,,
"Xin, Baohua",bxin@rotman.utoronto.ca,,
"Steiner, Kerstin",kerstin.steiner@monash.edu,kerstin.steiner@monash.edu,
"Wu, Yaozhong",bizwyz@nus.edu.sg,,
"Rizova, Polly S.",prizova@willamette.edu,,
"Samila, Sampsa",sampsa.samila@nus.edu.sg,,
"Obukhova, Elena",obukhova@mit.edu,,
"Macpherson, Wayne",wayne@gol.com,,
"Zeng, Daniel D.",zeng@email.arizona.edu,,
"Ferguson, Mark",mark.ferguson@moore.sc.edu,,
"Padashetty, Dr. Sanjeev",reach4sanju@gmail.com,,
"Miller, Roger",rogerm@mmiller.co.nz,,
"Ackert, Lucy F.",lackert@kennesaw.edu,,
"Bianchi, Robert J.",r.bianchi@griffith.edu.au,,
"Wei, Xiao",xiaoxiaowx@gmail.com,,
"Higgins, E. Tory",eth1@columbia.edu,,
"Sims, Henry P.",hsims@rhsmith.umd.edu,,
"Sadler, Evan D.",esadler@stern.nyu.edu,,
"Wang, Guannan",igwang@suffolk.edu,guannanw@bu.edu,
"Valentine, Kristen",kristen.valentine@phd.mccombs.utexas.edu,,
"Kang, Helen",helen.kang@unsw.edu.au,,
"Patena, Wiktor",patena@wsb-nlu.edu.pl,,
"Nguyen, Thanh L.",pfintn@business.utah.edu,,
"Bachmann, Ralph",arbachmann@ntu.edu.sg,,
"Alós-Ferrer, Carlos",carlos.alos-ferrer@uni-koeln.de,,
"Brumberg, Adam",ab697@cornell.edu,,
"Yang, Ming",ming.yang@duke.edu,,
"Nahar, Hairul S.",hairulnahar@yahoo.co.uk,,
"Weiss, Ira S.",ira.weiss@chicagogsb.edu,iw58@columbia.edu,
"Black, Lamont K.",lblack6@depaul.edu,,
"Kontogeorga, Georgia",kont_georgia@yahoo.gr,kont_georgia@yahoo.gr,
"Attaoui, Sami",sami.attaoui@neoma-bs.fr,,
"Doraszelski, Ulrich",doraszelski@harvard.edu,,
"Le Coq, Chloe",chloe.lecoq@hhs.se,,
"Sankar R.N., Ajith",ajithsankar@psgim.ac.in,,
"Hardt, Nino",hardt.8@osu.edu,,
"Larrain, Mauricio",ml3439@columbia.edu,,
"Stein, Sarah E.",sestein@vt.edu,,
"Citron, David B.",d.b.citron@city.ac.uk,,
"Petruzzi, Nicholas C.",petruzzi@illinois.edu,,
"Terui, Nobuhiko",terui@econ.tohoku.ac.jp,,
"Winn, Amanda",awinn@uw.edu,,
"Ho, John",j.ho@unsw.edu.au,,
"Zhu, Yun",zhuy@stjohns.edu,,
"Ederington, Josh",ederington@uky.edu,,
"Stohr, Edward A.",estohr@stevens.edu,,
"Stole, Lars A.",lars.stole@gsb.uchicago.edu,,
"Kepes, Sven",skepes@vcu.edu,,
"Powers, Kathleen",kathleen.powers@phd.mccombs.utexas.edu,,
"Jenny, Frederic",frederic.jenny1@gmail.com,,
"Desir, Rosemond",rosemond.desir@business.colostate.edu,,
"Miller, Jeffrey S.",jeff.miller.294@nd.edu,,
"Chen, Jian",jian.chen@jhu.edu,jian.chen@ifegroup.com,
"Frederickson, James R.",j.frederickson@mbs.edu,,
"Tartaroglu, Semih",semih.tartaroglu@wichita.edu,,
"Naughton (Deceased), Tony",tony.naughton@rmit.edu.au,,
"Robin, Ashok",arobin@saunders.rit.edu,,
"Palazzo, Berardino",dino@nyu.edu,,
"Ganesan, Shankar",sganesan@eller.arizona.edu,,
"Collet, Stéphanie",scollet@escpeurope.eu,,
"Morais, Ana",ana.morais@iscte.pt,,
"Saidi, Sandra",sandra.saidi@skema.edu,,
"Vertinsky, Ilan",fepa@interchange.ubc.ca,,
"Roberts, Donald J.",roberts_john@gsb.stanford.edu,,
"Tang, Tian",ttang@cba.ua.edu,,
"Sosa, Manuel",manuel.sosa@insead.edu,,
"Turner, Jerry L.",jturner1@memphis.edu,,
"Boustanifar, Hamid",hamid.boustanifar@bi.no,,
"Qian, Qu",qian.qu@mail.shufe.edu.cn,,
"Giuliani, Antonio P.",agiulia2@uic.edu,,
"Kaiser, Ulrich",uka@sam.sdu.dk,uka.cebr@cbs.dk,kaiser@zew.de
"Jiang, Yi",yi-jiang@uiowa.edu,,
"Tirunillai, Seshadri",stirunillai@uh.edu,,
"Parmeggiani, Federico",federico.parmeggiani@unimore.it,federico.parmeggiani@unimore.it,
"Morrill, Cameron K.",cameron_morrill@umanitoba.ca,,
"van Benthem, Arthur",arthurv@wharton.upenn.edu,,
"Zouari, Anis",anis.zouari@fsegs.rnu.tn,,
"Ahcan, Ales",ales.ahcan@ef.uni-lj.si,,
"Ishikawa, Ryuichiro",ishikawa@sk.tsukuba.ac.jp,,
"Yeo, Wee Yong",bizyeowy@nus.edu.sg,,
"Lepak, David P.",dlepak@rhsmith.umd.edu,,
"Keun Koo, Hyeng K.",hkoo@ajou.ac.kr,,
"Lau, Sie Ting T.",astlau@ntu.edu.sg,,
"Yang, Hee-Seung",heeseung.yang@monash.edu,,
"Kelsey, David",d.kelsey@exeter.ac.uk,,
"Zhu, Kevin",kzhu@uci.edu,,
"Syn, Thant",thant3303@gmail.com,,
"Missonier-Piera, Franck",franck.missonier@unige.ch,franck.missonier@unige.ch,
"Nahtigal, Matjaz",matjaz.nahtigal@selih.si,,
"Naqvi, Hassan",naqvi@skku.edu,,
"Ma, Alyson C.",maa@sandiego.edu,,
"McVicar, Duncan",dmcvicar@unimelb.edu.au,,
"Agarwal, Rahul",rahul_agarwal@pgp2004.isb.edu,,
"Timofeyev, Yuriy",yuriy.v.timofeyev@gmail.com,,
"Gorn, Gerald J.",mkgorn@ust.hk,,
"Prieto, Rodolfo",rprieto@bu.edu,,
