Name,Email-1,Email-2,Email-3,Email-4
"Garen, John E.",jgaren@pop.uky.edu,,,
"Imrohoroglu, Ayse",aimrohoroglu@marshall.usc.edu,,,
"Ebert, Michael",ebertm@bwl.uni-mannheim.de,,,
"Broadbent, Jane",jane.broadbent@rhul.ac.uk,,,
"Greene, Jason T.",jgreene@business.siu.edu,,,
"Duncan, Keith R.",kduncan@bond.edu.au,,,
"Sim, Melvyn",dscsimm@nus.edu.sg,,,
"Geuens, Maggie",maggie.geuens@ugent.be,,,
"Kwan, Amy",akwan@cmcrc.com,,,
"Flood, Robert P.",rflood@imf.org,,,
"Kremser, Thomas R.",thomas.kremser@wu.ac.at,,,
"Richie, Nivine",richien@uncw.edu,,,
"Bowen, T. Renee",trbowen@stanford.edu,,,
"Sheehan, Daniel",daniel.sheehan@scheller.gatech.edu,,,
"Melendrez, Kevin",kdm@nmsu.edu,,,
"Balboa , Marina",marina.balboa@ua.es,,,
"Song, Minjae",minjae.song@simon.rochester.edu,,,
"Garrett, Jace",garrett_jace@bentley.edu,,,
"Dranove, David",d-dranove@nwu.edu,,,
"Huang, Yanliu",yh364@drexel.edu,,,
"Rivkin, Jan",jrivkin@hbs.edu,,,
"Masten, Igor",igor.masten@ef.uni-lj.si,,,
"Brown, Sue A.",suebrown@eller.arizona.edu,,,
"Qin, Bo",b.qin@uva.nl,,,
"Macmillan, Peter",pdm1@st-and.ac.uk,,,
"Yu, Miaomiao",yu@edwards.usask.ca,,,
"Sirkeci, Ibrahim",sirkecii@regents.ac.uk,sirkeci@migrationletters.com,,
"Norton, David A.",dvdnorton13@gmail.com,,,
"Azevedo, Alcino",a.azevedo@hull.ac.uk,,,
"Agliati, Marco",marco.agliati@sdabocconi.it,marco.agliati@sdabocconi.it,,
"Konwar, Juthika",juthikakonwar@gmail.com,,,
"Sloan, Frank A.",fsloan@hpolicy.duke.edu,fsloan@hpolicy.duke.edu,fsloan@hpolicy.duke.edu,
"Ding, Min",mqd9@psu.edu,,,
"Baetge, Jörg",irw@wiwi.uni-muenster.de,,,
"Leten, Bart",bart.leten@econ.kuleuven.be,,,
"Schwartz, Steven T.",sschwart@binghamton.edu,,,
"Nachum, Lilach",lilach_nachum@baruch.cuny.edu,,,
"Geltner, David",david.geltner@uc.edu,,,
"Eilert, Anne M.",meike_eilert@moore.sc.edu,,,
"Parrino, Robert",parrino@mail.utexas.edu,,,
"Hu, Paul J.",actph@business.utah.edu,,,
"Artmann, Sabine",artmann@wiso.uni-koeln.de,,,
"Marsh, Christina",clmarsh@uga.edu,christinalmarsh@gmail.com,,
"Robson, Alex R.",a.robson@griffith.edu.au,,,
"Mallin, Chris",c.mallin@uea.ac.uk,c.a.mallin@bham.ac.uk,,
"Meier, Jean-Marie A.",jmeier@london.edu,,,
"Grant, Andrew R.",a.grant@econ.usyd.edu.au,,,
"Osadchiy, Nikolay",nosadchiy@yahoo.com,,,
"Maqbool, Prof. Adeel",nikki_martin11@yahoo.co.in,,,
"Zejnilovic, Leid",leid.zejnilovic@cmu.edu,leid.zejnilovic@cmu.edu,leid.zejnilovic@cmu.edu,
"Gujral, Irvind",igujral.mba2007@london.edu,,,
"Saengchote, Kanis",k-saengchote@kellogg.northwestern.edu,,,
"Ashbee, Edward",ea.cbp@cbs.dk,,,
"Downing, Chris T.",chris.downing@blackrock.com,,,
"Boubaker, Adel",adel.boubaker@fsegt.rnu.tn,,,
"Roodhooft, Filip",filip.roodhooft@econ.kuleuven.ac.be,,,
"Karmaziene, Egle",egle.karmaziene@hhs.se,,,
"Cheung, William",williammyc@gmail.com,,,
"Cohen-Vernik, Dinah A.",dv6@rice.edu,,,
"Mayer, Erik",ejm2@rice.edu,,,
"Mierau, Jochen O.",j.o.mierau@rug.nl,,,
"Di Muro, Fabrizio",fdimuro@ivey.uwo.ca,,,
"Lee, John B.",byong.lee@auckland.ac.nz,,,
"Si, Yi",yisi22-c@my.cityu.edu.hk,siyi_xjtu@sina.com,,
"Luo, Lan",lluo@marshall.usc.edu,,,
"Arino, Africa M.",afarino@iese.edu,,,
"Ifcher, John",jifcher@scu.edu,,,
"Rhodes, Mark",m.rhodes@hull.ac.uk,,,
"Chakraborty, Amrita",amrita_chakraborty@isb.edu,,,
"Sundstrom, William A.",wsundstrom@scu.edu,,,
"Ebersberger, Bernd",bernd.ebersberger@mci.edu,,,
"Wakeman, S. Wiley",wwakeman@london.edu,,,
"Czarnitzki, Dirk",dirk.czarnitzki@kuleuven.be,,,
"Tse, Terence",ttse@escp-eap.net,,,
"Assenza, Tiziana",tiziana.assenza@unicatt.it,tiziana.assenza@unicatt.it,,
"Tomio, Davide",dt.fi@cbs.dk,,,
"Moore, John H.",j.h.moore@ed.ac.uk,j.jarman@lse.ac.uk,,
"Kumar, Vineet",vineet@hbs.edu,,,
"Wood, Charles A.",cwood1@nd.edu,woodc@duq.edu,,
"Levie, Jonathan",j.levie@strath.ac.uk,,,
"Le Grand, Francois",legrand@em-lyon.com,,,
"Winner, Hannes",hannes.winner@sbg.ac.at,hannes.winner@sbg.ac.at,hannes.winner@sbg.ac.at,hannes.winner@uibk.ac.at
"Larasati, Yohana",yohannalaras@gmail.com,,,
"Korkeamaki, Timo",timo.korkeamaki@hanken.fi,,,
"Kim, Kyoung-Kuk",catenoid@gmail.com,,,
"Fischer, Marcel",marekwica@web.de,,,
"Guo, Jianan",johnguo@deakin.edu.au,,,
"Parada, Pedro",pedro.parada@esade.edu,,,
"Hofbaur, Ulrich",ulrich.hofbaur@whu.edu,,,
"Aziz, Tariq",tariqazizmba@gmail.com,,,
"Abuaf, David N.",dabuaf@chicagobooth.edu,dabuaf@chicagobooth.edu,,
"Leung, Alvin",aleung@utexas.edu,,,
"Antinyan, Armenak",antinyan@unive.it,antinyan@unive.it,,
"Miletkov, Mihail K.",mihail.miletkov@unh.edu,,,
