Name,Email-1,Email-2,Email-3
"Sokolinskiy, Oleg",oleg.sokolinskiy@business.rutgers.edu,,
"Smith, Trenton G.",trent.smith@otago.ac.nz,,
"Park, Eric",eric-park@kellogg.northwestern.edu,,
"Bittlingmayer, George",bittlingmayer@ku.edu,,
"Dendramis, Yiannis",gpd@aueb.gr,,
"Whittaker, Julie M.",j.m.whittaker@exeter.ac.uk,,
"Shittu, Ekundayo",dayiski@gmail.com,,
"Haupt, Alexander",alexander.haupt@plymouth.ac.uk,,
"Miller, Paul W.",paul.miller@curtin.edu.au,paul.miller@curtin.edu.au,
"Ronnegard, David",david.ronnegard@insead.edu,,
"Süssmuth, Bernd",suessmuth@wifa.uni-leipzig.de,,
"Ramsay, Alan",alan.ramsay@buseco.monash.edu.au,,
"Li, Erica X. N.",xuenanli@umich.edu,,
"Kim, Bum-Joon",joonkim@snu.ac.kr,,
"Do, Binh H.",binh.do@buseco.monash.edu.au,,
"Hanson, Andrew",andrew.r.hanson@marquette.edu,,
"Hyun, Jeong-Hoon",hjh275@snu.ac.kr,,
"Huang, Xiaobei",hberyl@163.com,,
"Badaoui, Saad",saad.badaoui@edhec.edu,,
"Lappas, Theodoros",tlappas@stevens.edu,,
"Iyengar, Sheena S.",ss957@columbia.edu,,
"Banerjee, Prithviraj",tuklu_2000@yahoo.com,,
"Healy, Jerome",j.healy@hull.ac.uk,,
"Shaw, Bill",bevo1@mail.utexas.edu,,
"Wedge, Lei",lwedge@coba.usf.edu,,
"Dar, Maital",maital.dar@gmail.com,,
"Larmande, Francois",francois.larmande@polytechnique.org,,
"Mukherjee, Shameek",shameek.mukherjee@iimb.ernet.in,,
"Arismendi, J. C.",j.arismendi@icmacentre.ac.uk,juan.arismendi@cdt.unb.br,
"Wang, Shujing",shujingwang@ust.hk,,
"Hain, Daniel S.",dsh@business.aau.dk,,
"Laux, Paul A.",laux@lerner.udel.edu,,
"Corgnet, Brice",corgnet@chapman.edu,corgnet@chapman.edu,
"Gelper, Sarah",sarah.gelper@econ.kuleuven.be,,
"Khatami, Hossein",seyedhossein.khatami@mbs.ac.uk,,
"Moyen, Nathalie",moyen@colorado.edu,,
"Bhuyan, Rafiqul",rbhuyan@csusb.edu,,
"von Selasinsky, Alexander",alexander.von_selasinsky@tu-dresden.de,,
"Lerman, Alina",alerman@stern.nyu.edu,,
"Stroud, Jonathan R.",stroud@wharton.upenn.edu,,
"Rosenfeld, Claire M.",cmcici@wm.edu,,
"Berrill, Jenny",berrilj@tcd.ie,,
"Pescetto, Gioia M.",gioia.pescetto@port.ac.uk,,
"Cho, Dongchul",dccho@kdischool.ac.kr,,
"Zhou, Zhiping",zhouzhipingchina@gmail.com,,
"McKay, Jennifer M.",jennifer.mckay@unisa.edu.au,jennifer.mckay@unisa.edu.au,
"Gründl, Christian",christian.gruendl@ebs.edu,,
"Arabi, Saeid",saeidarabi@yahoo.com,,
"Whalen, Peter S.",peter.whalen@du.edu,,
"Huang, Chye-Ching",cc.huang@auckland.ac.nz,,
"Gram, Mark",mark.gram@mba.gatech.edu,,
"Saidi, Farzad",fs412@cam.ac.uk,,
"Gibson, Donald E.",dgibson@mail.fairfield.edu,,
"Edwards, Griffin S.",gse@uab.edu,,
"Cai, Kelly N.",kcai@umd.umich.edu,,
"Yokota, Eri",yokota@fbc.keio.ac.jp,,
"Strieborny, Martin",strieborny@gmail.com,,
"Macgilchrist, Renaud",renaud.macgilchrist@esc-rennes.fr,,
"Okamura, Ken",ken.okamura@sbs.ox.ac.uk,,
"Carr, Lawrence",carr@babson.edu,,
"Drogalas, George",drogalas@uom.gr,,
"Chen, Li",li.chen@duke.edu,,
"Dowling, Grahame",grahamed@agsm.edu.au,,
"Nam, Jouahn",jnam@fsmail.pace.edu,,
"Ashraf, Nava",nashraf@hbs.edu,,
"Halevy, Nir",nhalevy@gsb.stanford.edu,,
"Scharth, Marcel",m.scharth@unsw.edu.au,,
"El-Masry, Ahmed A.",ahmed.el-masry@plymouth.ac.uk,,
"Suddaby, Roy R.",roy.suddaby@ualberta.ca,,
"Kohli, Vaibhav",vaibhav_kohli@mfe.berkeley.edu,,
"Henry, Darren",d.henry@latrobe.edu.au,,
"Lippman, Ellen",lippman@up.edu,,
"Sridhar, Shrihari",sswcb@mizzou.edu,,
"Tang, Guliang",tangguliang@263.net,,
"Van De Gucht, Linda M.",linda.vandegucht@econ.kuleuven.ac.be,,
"Bianchi, Milo",milo.bianchi@dauphine.fr,,
"Chmura, Thorsten",chmura@uni-bonn.de,,
"Gaba, Vibha",vibha.gaba@insead.edu,,
"Zhong, Ninghua",ninghua.zhong@gmail.com,,
"Cui, Zhijian",zhijian.cui@ie.edu,,
"Fukui, Yoshitaka",fukui@gsim.aoyama.ac.jp,,
"Savage, David A.",da.savage@student.qut.edu.au,david.savage@qut.edu.au,david.savage@qut.edu.au
"Canada, Joseph",jcanada@bus.ucf.edu,,
"Chlistalla, Michael",chlistalla@wiwi.uni-frankfurt.de,,
"MacLean, Tammy L.",tmaclean@suffolk.edu,,
"Brisker, Eric R.",ebrisker@uakron.edu,,
"Hawk, Ashton",hawk@fisher.osu.edu,,
"Lee, Deishin",dlee@hbs.edu,,
"Bendersky, Corinne",cbenders@anderson.ucla.edu,,
"Ab Wahab, Siti Nur Aqilah",nurainna.ramli@lincoln.ac.nz,,
"Pfarrer, Michael D.",mpfarrer@uga.edu,,
"Chan, Carri",cwchan@columbia.edu,,
"Weiner, Christian",weiner@wiwi.hu-berlin.de,,
"Schmidt, Sascha L.",sascha.schmidt@ebs.edu,,
"Presutti, Manuela",manuela.presutti@unibo.it,,
"Hageman, Amy",amy.hageman@bus.ucf.edu,,
"Vulcheva, Maria",mvulchev@fiu.edu,,
"Touboul, Samuel",samuel.touboul@gmail.com,samuel.touboul@gmail.com,
"Assael, Henry",hassael@stern.nyu.edu,,
