 José Caamaño=jose.caamano@usc.es
 Jordi Caballe=jordi.caballe@uab.eu
 Gonzalo Caballero Miguez=gcaballero@uvigo.es
 Gustavo Adolfo Caballero Orozco=gacaball@ucalgary.ca
 Ricardo J Caballero=caball@mit.edu
 Helen Cabalu=h.cabalu@curtin.edu.au
 Francisco Cabezon=fcabezon@sbif.cl
 Christos Cabolis=ccabolis@alba.edu.gr
 Marie-Laure CABON-DHERSIN=cabon@sociens.ens-cachan.fr
 Celia Costa Cabral=ccc@fct.unl.pt
 Antonio Cabrales=a.cabrales@ucl.ac.uk
 François Joseph Cabral=joecabral7@gmail.com
 Luis M B Cabral=luis.cabral@nyu.edu
 Manuel Caldeira Cabral=cabral_manuel@yahoo.co.uk
 Rene Cabral=rcabral@itesm.mx
 Sonia Cabral=scabral@bportugal.pt
 Ignazio Cabras=ignazio.cabras@york.ac.uk
 Luis Fernando Cabrera-Castellanos=luicabre@uqroo.mx
 Luis Enrique Cabrera=luiscabrerag@gmail.com
 Enkela Caca=ebabaramo@yahoo.com
 Matteo Cacciatore=matteo.cacciatore@hec.ca
 Nicolas Cachanosky=ncachanosky@outlook.com
 Carlos Cadena Gaitán=cadena@merit.unu.edu
 Raulin Lincifort Cadet=raulin.cadet@uniq.edu.ht
 Godfrey Cadogan=godfrey.cadogan@ryerson.ca
 Olivier Cadot=olivier.cadot@unil.ch
 Charles Bram Cadsby=bcadsby@uoguelph.ca
 José Manuel Martins Caetano=jcaetano@uevora.pt
 Barbara Cafarelli=b.cafarelli@unifg.it
 Carlo Cafiero=carlo.cafiero@fao.org
 Gianluca Cafiso=gcafiso@unict.it
 Julia Cagé=cage@fas.harvard.edu
 Andrea Caggese=andrea.caggese@upf.edu
 Giovanni Caggiano=giovanni.caggiano@unipd.it
 Evren Caglar=ec265@kent.ac.uk
 Mustafa Caglayan=m.caglayan@hw.ac.uk
 Tomas Cahlik=cahlik@fsv.cuni.cz
 Christophe Cahn=christophe.cahn@gmail.com
 Aurilio Sergio Caiado=ascaiado@seade.gov.br
 Jorge Caiado=jcaiado@iseg.utl.pt
 Alessandro Caiani=a.caiani@univpm.it
 Stefano Caiazza=caiazza@economia.uniroma2.it
 Santiago Caicedo=scaiceso@banrep.gov.co
 Dapeng Cai=cai@iar.nagoya-u.ac.jp
 Hongbin Cai=hbcai@gsm.pku.edu.cn
 Junning Cai=junningcai@gmail.com
 Bernard J.-M. Caillaud=caillaud@pse.ens.fr
 Cyril Caillault=cyril.caillault@gmail.com
 Jewelwayne Cain=jscain@mail.missouri.edu
 Yinyin Cai=yyincai@126.com
 Yongyang Cai=yycai@stanford.edu
 John Cajas Guijarro=cajasjohn@yahoo.com
 Esin Cakan=ecakan@newhaven.edu
 S. Meral Cakici=mcakici@uni-bonn.de
 Metin Cakir=mcakir@umn.edu
 Mustafa Yavuz Çakır=cakirmy@gmail.com
 Cem Çakmaklı=c.cakmakli@uva.nl
 Raffaella Calabrese=rcalab@essex.ac.uk
 Alejandro A. Calabria=alcalabria@uade.edu.ar
 Andrea Calabrò=andrea.calabro@uniroma2.it
 Ferran Calabuig Moreno=ferran.calabuig@uv.es
 Carla Daniela Calá=dacala@mdp.edu.ar
 Antonio G. Calafati=a.g.calafati@univpm.it
 Mauricio Calani=mcal@sas.upenn.edu
 Francis Raymond Calbay=raymond.calbay@outlook.com
 Giorgio Calcagnini=giorgio.calcagnini@uniurb.it
 Peter T. Calcagno=calcagnop@cofc.edu
 Filippo L. Calciano=fcalciano@uniroma3.it
 Dario Caldara=dario.caldara@frb.gov
 Katia Caldari=katia.caldari@unipd.it
 Bruno Breyer Caldas=brunobreyer@ibest.com.br
 Emilie Caldeira=emiliecaldeira@gmail.com
 Vitor Caldeirinha=vitorcaldeirinha@gmail.com
 Mario Calderini=mario.calderini@polimi.it
 Cesar A. Calderon=ccalderon@worldbank.org
 Gregorio Calderón=gcalderonh@unal.edu.co
 Valentina Calderón Mejía=vcalder@uchicago.edu
 Cuauhtemoc CALDERON VILLARREAL=calderon@colef.mx
 Ronald C. Caldwell, Jr.=rccald@umich.edu
 António Caleiro=caleiro@uevora.pt
 Analía V. Calero=analiacalero@gmail.com
 Ludovic CALES=ludovic_cales@hotmail.com
 Evan Michael Calford=ecalford@interchange.ubc.ca
 Enrique Calfucura=enrique.calfucura@mail.mcgill.ca
 Gray Calhoun=gcalhoun@iastate.edu
 Thiago Caliari=tcaliari@cedeplar.ufmg.br
 Federica Calidoni=fedeswe@hotmail.com
 Frank Natale Caliendo=frank.caliendo@usu.edu
 Lorenzo Caliendo=lorenzo.caliendo@yale.edu
 Marco Caliendo=caliendo@uni-potsdam.de
 Tiziana Caliman=tiziana.caliman@unipmn.it
 Massimiliano Calì=m.cali.ra@odi.org.uk
 Estian Calitz=calitz@sun.ac.za
 Francisco José Callado-Muñoz=fcallado@unizar.es
 Gene Callahan=gcallah@mac.com
 Steven Callander=sjc@gsb.stanford.edu
 Myles J. Callan=myles@mylescallan.com
 Tim Callan=tim.callan@esri.ie
 Giovanni Callegari=giovanni.callegari@ecb.int
 Maria Callejon=maria.callejon@ub.edu
 Mercedez Callenes=callene2@illinois.edu
 Stephane Daniel CALLENS=stephane.callens@univ-artois.fr
 Laurent Callot=l.callot@vu.nl
 Christian Calmès=christian.calmes@uqo.ca
 Sebastian Calonico=calonico@umich.edu
 Caterina Calsamiglia=caterina.calsamiglia@uab.es
 Emilio Calvano=emilio.calvano@gmail.com
 Laurent E. Calvet=calvet@hec.fr
 Rosalía Calvo Clúa=rosalia.calvo.clua@gmail.com
 Emilio Calvo=emilio.calvo@uv.es
 Esteban Calvo=estebancalvo@gmail.com
 Hector Fernando Calvo Pardo=calvo@soton.ac.uk
 Alvaro Calzadilla=alvaro.calzadilla@gmail.com
 Giacomo Calzolari=giacomo.calzolari@unibo.it
 Adriana Camacho=adcamach@uniandes.edu.co
 Carmen Camacho=maria.camacho-perez@univ-paris1.fr
 Eva Camacho Cuena=camacho@eco.uji.es
 Fernando Tavares Camacho=camacho@bndes.gov.br
 Pablo Camacho-Gutiérrez=pablo-camacho@hotmail.com
 Jose A. Camacho=jcamacho@ugr.es
 Maximo Camacho=mcamacho@um.es
 Giovanni Andrés Camacho Murillo=andrucam@hotmail.com
 Roberto Camagni=roberto.camagni@polimi.it
 Mariam Camarero=camarero@eco.uji.es
 Braz Camargo=braz.camargo@fgv.br
 Rafael de Sousa Camelo=rafael.camelo@gmail.com
 Gabriele Camera=camera@chapman.edu
 Roberta Camera=roberta.camera@cmcc.it
 Colin Camerer=camerer@hss.caltech.edu
 Lisa Ann Cameron=lisa.cameron@monash.edu
 Michael P. Cameron=mcam@waikato.ac.nz
 Samuel Cameron=s.cameron@bradford.ac.uk
 Stuart James Cameron=sjcmrn@gmail.com
 Trudy Ann Cameron=cameron@uoregon.edu
 Silvio John Camilleri=silvio.j.camilleri@um.edu.mt
 Koen Caminada=c.l.j.caminada@law.leidenuniv.nl
 Ester Camiña=ecaminac@ccee.ucm.es
 Ramon Caminal=ramon.caminal@iae.csic.es
 César Camisón=cesar.camison@uv.es
 Gilles Campagnolo=gilles.campagnolo@univ-amu.fr
 Claudio Campanale=claudio@merlin.fae.ua.es
 Nadia Campaniello=ncampa@essex.ac.uk
 Fabio Campanini=fabiocampanini@hotmail.it
 Filipe Campante=filipe_campante@harvard.edu
 Pamela Campa=pamela.campa@iies.su.se
 Benjamin Campbell=ben.campbell@uconn.edu
 Carl M. Campbell, III=carlcamp@niu.edu
 Danny Campbell=danny.campbell@stir.ac.uk
 Douglas L. Campbell=dolcampb@gmail.com
 Gareth Campbell=gareth.campbell@qub.ac.uk
 Harry Fleming Campbell=h.campbell@economics.uq.edu.au
 Jeffrey Campbell=jcampbell@frbchi.org
 John Y. Campbell=john_campbell@harvard.edu
 Stuart Campbell=scampbell@ioe.ac.uk
 Emilia Mioara Campeanu=emilia.campeanu@fin.ase.ro
 Ana Katarina Campelo=anakcampelo@gmail.com
 Luigi Pierfranco Campiglio=campiglio@unicatt.it
 Alessia Campolmi=campolmia@ceu.hu
 Maria Gabriella Campolo=mgcampolo@unime.it
 Jacobo Alberto Campo Robledo=jacobo.campo@gmail.com
 Javier Campos=jcampos@daea.ulpgc.es
 Maria Manuel Campos=mmcampos@bportugal.pt
 Nauro F. Campos=nauro.campos@brunel.ac.uk
 JUAN ANTONIO CAMPOS SORIA, Sr.=jacampos@uma.es
 Eric CAMPOY=eric.campoy@dauphine.fr
 Enriqueta Camps-Cura=enriqueta.camps@upf.edu
 R. Sudharshan Canagarajah=scanagarajah@worldbank.org
 Rosaria Rita Canale=rorita.canale@uniparthenope.it
 Michael Parmisano Canares=mikocanares@boholanalysis.com
 Jesus Cañas=jesus.canas@dal.frb.org
 Gustavo Javier Canavire Bacarreza=gcanavir@eafit.edu.co
 José Antonio Canaviri=jose_canaviri@hotmail.com
 Burak Can=b.can@maastrichtuniversity.nl
 M. Teresa Cancelo=maite.cancelo@usc.es
 Maria Cancian=mcancian@wisc.edu
 Christian A. Cancino=cancino@fen.uchile.cl
 Fabien Candau=fabien.candau@univ-pau.fr
 Natalia Candelo Londono=ncandelolondono@qc.cuny.edu
 Bertrand Candelon=b.candelon@maastrichtuniversity.nl
 Ana Clara Cândido=a.candido@campus.fct.unl.pt
 David Candon=david.candon@ucdconnect.ie
 Mariano Cané de Estrada=mcane1975@gmail.com
 Emanuele Canegrati=emanuele.canegrati@hotmail.it
 Alessandra Canepa=alessandra.canepa@brunel.ac.uk
 Mehmet Caner=mcaner@ncsu.edu
 Luís Gil Canha Campos=lcanhacampos@gmail.com
 Andrea Canidio=canidioa@ceu.hu
 Marjolein Caniëls=marjolein.caniels@ou.nl
 Giovanni Canitano=gcanitano@gmail.com
 Serkan Çankaya=scankaya@ticaret.edu.tr
 Luigi Cannari=luigi.cannari@bancaditalia.it
 David Canning=dcanning@hsph.harvard.edu
 Kathleen Cannings=kathycannings@yahoo.com
 Paolo Canofari=pcanofari@unite.it
 rafael cano guervós, Sr.=rcano@ugr.es
 Maria Eugenia Canon=maria.e.canon@stls.frb.org
 Antonio Cano-Orellana=acore@us.es
 Manuel Cano-Rodriguez=mcano@ujaen.es
 Fabio Canova=fabio.canova@eui.eu
 Luciano Canova=luciano.canova2@enicorporateuniversity.eni.it
 Marcel Canoy=m.canoy@uvt.nl
 Raif Can=raif.can@kalkinma.gov.tr
 Nicolas Canry=nicolas.canry@univ-paris1.fr
 Claudia Cantabene=claudia.cantabene@unina2.it
 Chiara Canta=chiara.canta@nhh.no
 david cantala, Sr.=dcantala@colmex.mx
 David Cantarero=david.cantarero@unican.es
 Uwe Cantner=uwe.cantner@uni-jena.de
 Joan Canton=joan.canton@ec.europa.eu
 Simona Cantono=simona.cantono@unito.it
 Olga Cantó=olga.canto@uah.es
 Cristiano Cantore=c.cantore@surrey.ac.uk
 Nicola Cantore=n.cantore@unido.org
 Richard Martin Cantor=richard.cantor@moodys.com
 Pedro Cantos-Sánchez=pedro.cantos@uv.es
 John Cantwell=cantwell@rbsmail.rutgers.edu
 Matthew Buford Canzoneri=canzonem@georgetown.edu
 Jose Julian Cao-Alvira=josejulian.cao@upr.edu
 Dan Vu Cao=dc448@georgetown.edu
 Davide Cao=davide.cao@crenos.unica.it
 Dong Cao=ivycaodong@163.com
 Huining Henry Cao=hncao@ckgsb.edu.cn
 Melanie Cao=mcao@schulich.yorku.ca
 Shi Larry Cao=larrycao@hotmail.com
 Xiaoyong Cao, Sr.=yongcx2000@hotmail.com
 Sara Capacci=sara.capacci@unibo.it
 Antonio Capaldo=antonio.capaldo@unicatt.it
 Alejandro Caparros=alejandro.caparros@csic.es
 Marco Capasso=marco.capasso@gmail.com
 Elena Gabriela Capatina=e.capatina@unsw.edu.au
 Javier Pérez Capdevila, Sr.=javier@citma.gtmo.inf.cu
 Bart Capéau=bart.capeau@yahoo.com
 Gunther CAPELLE-BLANCARD=gunther.capelle-blancard@univ-paris1.fr
 Damien Capelle=damien.capelle@live.fr
 Roberta Capello=roberta.capello@polimi.it
 Carlos Capistrán=capistran.carlos@gmail.com
 Fabian Capitanio=capitani@unina.it
 Arthur Josef Caplan=arthur.caplan@usu.edu
 Bryan Caplan=bcaplan@gmu.edu
 Andrew Caplin=andrew.caplin@nyu.edu
 Daniel P.J. Capocci=daniel.capocci@architas-mm.com
 Rosa Capolupo=rosa.capolupo@uniba.it
 Francesco Capone=francesco.capone@unifi.it
 Vincenzo Caponi=vcaponi@ryerson.ca
 Javier Capó Parrilla=javier.capo@uib.es
 Tony Caporale=caporale@udayton.edu
 Massimiliano Caporin=massimiliano.caporin@unipd.it
 Rita Cappariello=rita.cappariello@bancaditalia.it
 Alexander Wright Cappelen=alexander.cappelen@nhh.no
 Alessandro N. Cappellini=alessandro.cappellini@gmail.com
 Riccardo Cappellin=cappellin@economia.uniroma2.it
 C. Monica Capra=mcapra@emory.edu
 Santiago Capraro=santiago.capraro@gmail.com
 Bogdan Capraru=csb@uaic.ro
 Gerard Caprio, Jr.=gerard.caprio@williams.edu
 Carlo Capuano=carlo.capuano@unina.it
 Christian Capuano=christian.capuano@credit-suisse.com
 Joseph J. Capuno=joseph.capuno@up.edu.ph
 Sorinel Capusneanu=sorinelcapusneanu@gmail.com
 Michael R. Caputo=mcaputo@bus.ucf.edu
 Rodrigo Caputo=rcaputo@bcentral.cl
 M. Angeles Caraballo=mcaraba@us.es
 Anna M. Carabelli=anna.carabelli@eco.unipmn.it
 Francesco Caracciolo=francesco.caracciolo@unina.it
 Anatolie Caraganciu=an_caraganciu@yahoo.com
 Nicoleta Caragea=nicoletacaragea@gmail.com
 Andrea Caragliu=andrea.caragliu@polimi.it
 Chirata Caraiani=ccaraiani@cig.ase.ro
 Diego Caramuta=diegocaramuta@hotmail.com
 Alina Carare=acarare@imf.org
 Massimo Caratelli=ma.caratelli@uniroma3.it
 Pietro Caratti=pietro.caratti@libero.it
 Mihaela Victorita Carausan=mihaelacarausan@gmail.com
 Nicolas Carayol=nicolas.carayol@u-bordeaux4.fr
 David Carballas=david@ribadela.com
 Francisco Carballo-Cruz=fcarballo@eeg.uminho.pt
 Anna Carbone=acarbone@unitus.it
 Enrica Carbone=enrica.carbone@gmail.com
 Jared C. Carbone=jccarbon@ucalgary.ca
 Clément Carbonnier=clement.carbonnier@u-cergy.fr
 Santiago Carbo Valverde=s.carbo-valverde@bangor.ac.uk
 Ulises Carcamo=ucarcamo@eafit.edu.co
 Eva Carceles-Poveda=ecarcelespov@gmail.com
 Stéphane Carcillo=stephane.carcillo@gmail.com
 Buly Cardak=b.cardak@latrobe.edu.au
 Paola Cardamone=p.cardamone@unical.it
 Jean-Marie Cardebat=cardebat@u-bordeaux4.fr
 Leopoldo Eduardo Cárdenas-Barrón=lecarden@itesm.mx
 Camilo Alberto Cárdenas=ccardehu@banrep.gov.co
 Juan-Camilo Cardenas=jccarden@uniandes.edu.co
 Mauricio Cardenas=mcardenas@minminas.gov.co
 Oscar Javier Cárdenas-Rodríguez=cardenoj@yahoo.com
 Manuel Alejandro Cardenete=macardenete@uloyola.es
 Emanuela Cardia=emanuela.cardia@umontreal.ca
 Eddy Cardinaels=e.cardinaels@uvt.nl
 Marta Cardin=mcardin@unive.it
 Olivier Cardi=olivier.cardi@u-paris2.fr
 Daniel Cardona=d.cardona@uib.cat
 Marcelo Cardona=mcardona@inesad.edu.bo
 Lina Cardona-Sosa=lcardoso@banrep.gov.co
 James Harold Cardon=cardon@byu.edu
 Ana Rute Cardoso=anarute.cardoso@iae.csic.es
 Carlos de Almeida Cardoso=carlos.a.cardoso@caixa.gov.br
 Eliana A. Cardoso=eliana.cardoso@fgv.br
 José Luís Cardoso=jcardoso@ics.ul.pt
 Miguel Cardoso-Lecourtois=miguel.cardoso@grupobbva.com
 Adriana Cardozo=acardoz@uni-goettingen.de
 Gabriele Cardullo=cardullo@economia.unige.it
 Davide Caregari=davcare@yahoo.com
 Kevin Carey=kjcarey@gmail.com
 David Carfì=davidcarfi71@yahoo.it
 Mark Carhart=mark@keposcapital.com
 Maria Rosaria Carillo=carillo@uniparthenope.it
 Stegaroiu Carina-Elena=carinastegaroiu@yahoo.com
 Monica Cariola=m.cariola@ceris.cnr.it
 Calogero Carletto=gcarletto@worldbank.org
 Sanya Carley=scarley@indiana.edu
 Anais Carlin=anais.carlin@gredeg.cnrs.fr
 Gerald A. Carlino=jerry.carlino@phil.frb.org
 Paul S. Carlin=pcarlin@iupui.edu
 Wendy Carlin=w.carlin@ucl.ac.uk
 Andrea Christine Carlson=acarlson@ers.usda.gov
 John Carlson=john.b.carlson@clev.frb.org
 Leonard Carlson=econlac@emory.edu
 Mark A. Carlson=mark.a.carlson@frb.gov
 Fredrik Carlsson=fredrik.carlsson@economics.gu.se
 Mikael Carlsson=mikael.carlsson@nek.uu.se
 Charles Carlstrom=ccarlstrom@clev.frb.org
 Dennis W. Carlton=dennis.carlton@chicagobooth.edu
 Fabio Carlucci=fcarlucci@unisa.it
 Juan Carluccio=juan.carluccio@gmail.com
 Lorne Hugh Carmichael=carmykle@qed.econ.queensu.ca
 Sarah Guilland Carmichael=s.g.carmichael@uu.nl
 Fabrizio Carmignani=f.carmignani@griffith.edu.au
 Guilherme Carmona=g.carmona@surrey.ac.uk
 Juan Carmona=jucar@clio.uc3m.es
 Anabela Carneiro=anacar@fep.up.pt
 Pedro Carneiro=p.carneiro@ucl.ac.uk
 Warren Carnow=wcarnow@gmail.com
 Johann Caro Burnett=johann.caroburnett@yale.edu
 Floro Ernesto Caroleo=caroleo@uniparthenope.it
 Eve Caroli=eve.caroli@dauphine.fr
 Ana Carp=karp_ana@yahoo.com
 Jean-François Carpantier=jean-francois.carpantier@uni.lu
 Jeffrey Carpenter=jpc@middlebury.edu
 Jennifer Carpenter=jcarpen0@stern.nyu.edu
 Robert E. Carpenter=bobc@umbc.edu
 Vincent Carpentier=v.carpentier@ioe.ac.uk
 Carlos E Carpio=carlos.carpio@ttu.edu
 Luis Carranza=luiscarranzau@gmail.com
 Carlo Carraro=ccarraro@unive.it
 Andre Carrascal Incera=andre.carrascal@rai.usc.es
 Ursicino Carrascal=ucarrascal@eaee.uva.es
 Carlos A. Carrasco=carlosalberto.carrasco@ehu.es
 José A. Carrasco-Gallego=jose.carrasco@urjc.es
 Carlos Enrique Carrasco Gutierrez=carlosenrique@ucb.br
 Juan Antonio Carrasco=j.a.carrasco@gmail.com
 L. Roman Carrasco=dbsctlr@nus.edu.sg
 Marco Paulo Carrasco=pcarras@gmail.com
 Marine Carrasco=marine.carrasco@umontreal.ca
 Paula Carrasco=pcarrasco@iecon.ccee.edu.uy
 René CARRAZ=carraz@cournot.u-strasbg.fr
 Edward R. Carr=carr@sc.edu
 Carlos Carreira=ccarreir@fe.uc.pt
 Scott E. Carrell=secarrell@ucdavis.edu
 César Carrera=cesar.carrera@bcrp.gob.pe
 Lluís CARRERAS=lluis.carreras@urv.cat
 Anna Carreras-Marín=annacarrerasmarin@ub.edu
 Miguel Carrera Troyano=mcarrera@usal.es
 Celine Carrere=celine.carrere@unige.ch
 Stephanie Carretero=stephanie.carretero-gomez@ec.europa.eu
 Alessandro Carretta=carretta@uniroma2.it
 Fernando Carriazo=f.carriazo126@uniandes.edu.co
 Yan Carrière-Swallow=ycswallow@imf.org
 Vincenzo Carrieri=vcarrieri@unisa.it
 Andrea Carriero=a.carriero@qmul.ac.uk
 Javier Carrillo-Hermosilla=javier.carrillo@uah.es
 Julio A. Carrillo=jcarrillo@banxico.org.mx
 Paul E. Carrillo=pcarrill@gwu.edu
 Carlos Carrillo-Tudela=cocarr@essex.ac.uk
 Christophe CARRINCAZEAUX=carrinca@u-bordeaux4.fr
 Josep Lluís Carrion-i-Silvestre=carrion@ub.edu
 Jesus M. Carro=jcarro@eco.uc3m.es
 Christopher Carroll=ccarroll@jhu.edu
 James Carroll=jacarrol@tcd.ie
 Jamie Carson=carsjam@gmail.com
 Fred Carstensen=fred.carstensen@uconn.edu
 Kai Carstensen=carstensen@stat-econ.uni-kiel.de
 Álvaro Cartea=alvaro.cartea@gmail.com
 Colin Carter=cacarter@ucdavis.edu
 Patrick Carter=paddycarter@gmail.com
 Scott Carter=scott-carter@utulsa.edu
 Benjamin Carton=benjamin.carton@cepremap.org
 Edward John Cartwright=e.j.cartwright@kent.ac.uk
 Enza Caruso=enza.caruso@unipg.it
 Geoffrey Caruso=geoffrey.caruso@uni.lu
 Immacolata Caruso=imma.caruso@issm.cnr.it
 Raul Caruso=raulcaruso@yahoo.com
 George Căruţaşu=georgecarutasu@yahoo.com
 Andrés Carvajal=acarvaj@uwo.ca
 Adão Carvalho=acarvalho@uevora.pt
 Carlos Carvalho=cvianac@econ.puc-rio.br
 Fabia Aparecida de Carvalho=fabia.carvalho@bcb.gov.br
 Jose R. Carvalho=josecarv@ufc.br
 Luis Carvalho=decarvalho@ese.eur.nl
 Marcelo Carvalho=marcelo.carvalho@hhs.se
 Pedro G. Carvalho=pguedes@ubi.pt
 Vasco Marques de Carvalho=vcarvalho@crei.cat
 Vitor Manuel Carvalho=vitorc@fep.up.pt
 Ramon Casadesus-Masanell=rmasanell@hbs.edu
 Piero Casadio=piero.casadio@bancaditalia.it
 José Manuel Casado-Díaz=jmcasado@ua.es
 Jose Maria Casado=j.m.casado.garcia@gmail.com
 Giorgia Casalone=giorgia.casalone@eco.unipmn.it
 Georges Casamatta=georges.casamatta@univ-tlse1.fr
 Miguel Casares=mcasares@unavarra.es
 Alessandra Casarico=alessandra.casarico@unibocconi.it
 Roberto Casarin=r.casarin@unive.it
 Francois R. Casas=fcasas@chass.utoronto.ca
 Isabel Casas=icasas@sam.sdu.dk
 Valero L. Casasnovas=valero.casasnovas@unavarra.es
 Jaime Casassus=jcasassus@uc.cl
 Carlos Casas Tragodara=casas_ca@up.edu.pe
 Elizabeth U. Cascio=elizabeth.u.cascio@dartmouth.edu
 Anne Case=accase@princeton.edu
 Karl E. Case=kcase@wellesley.edu
 Alessandra Casella=ac186@columbia.edu
 Francesco Caselli=f.caselli@lse.ac.uk
 Mauro Caselli=mauro.caselli@uniparthenope.it
 Chantal CASES=chantal.cases@ined.fr
 Colleen L. Casey=colleenc@uta.edu
 Paul Cashin=pcashin@imf.org
 Sean B. Cash=sean.cash@tufts.edu
 Gabriel Casillas-Olvera=gcasilla@gabrielcasillas.com
 Alicia Casique Guerrero=alicia.casique@itcelaya.edu.mx
 Judson A Caskey=judson.caskey@mccombs.utexas.edu
 Timothy Cason=cason@purdue.edu
 Fortuna Casoria=f.casoria@maastrichtuniversity.nl
 Elena Casquel=m.elena.casquel@uv.es
 Gavin Cassar=gavin.cassar@insead.edu
 Lea Cassar=lea.cassar@econ.uzh.ch
 Rebecca Cassells=rebecca.cassells@curtin.edu.au
 Gianluca A. Cassese=gianluca.cassese@unimib.it
 Aurélie Cassette-Vermaut=aurelie.cassette@univ-lille1.fr
 Andrew J. Cassey=cassey@wsu.edu
 Lorenzo Cassi=lorenzo.cassi@univ-paris1.fr
 Danny Cassimon=danny.cassimon@uantwerpen.be
 James Cassing=jcassing@pitt.edu
 Adriana Cassoni=adriana.cassoni@gmail.com
 Steven P. Cassou=scassou@ksu.edu
 Carolina Castagnetti=castca@eco.unipv.it
 Jean-Francois CASTA=jean-francois.casta@dauphine.fr
 Sandro Castaldo=sandro.castaldo@sdabocconi.it
 Paul Castañeda Dower=pdower@nes.ru
 Gonzalo Castañeda=gonzalo.castaneda@cide.edu
 Juan Pablo Castañeda=jupacastaneda@gmail.com
 Jorge Luis Castañeda Núñez=jlcastaneda@iadb.org
 Pablo Castaneda=pablo.castaneda@uai.cl
 R. Andres Castañeda=r.andres.castaneda@gmail.com
 raul castañeta, Sr.=cascal.srl@gmail.com
 Micael Castanheira=mcasta@ulb.ac.be
 Carlos Eduardo Castaño Rios=carloscontaduria@gmail.com
 Cristiano Castelfranchi=cristiano.castelfranchi@istc.cnr.it
 Fulvio Castellacci=fc@nupi.no
 Davide Castellani=davide.castellani@unipg.it
 Francesca Castellani=francescac@iadb.org
 Sara G. Castellanos=sara_castellanos@yahoo.com
 Marta Castello-Branco=mcastellobranco56@gmail.com
 Amparo Castello-Climent=amparo.castello@uv.es
 Efrem Castelnuovo=efrem.castelnuovo@unipd.it
 Paulette Castel=paulettecastel@gmail.com
 Concetta Castiglione=castiglc@tcd.ie
 Fabio Castiglionesi=fabio.castiglionesi@uvt.nl
 Marta Reis Castilho=castilho@ie.ufrj.br
 Carolina Castilla=ccastilla@colgate.edu
 David Castilla Espino=david.castilla@dehie.uhu.es
 Maria del Pilar Castillo=mapica@gmail.com
 Paul G. Castillo=paul.castillo@bcrp.gob.pe
 Jennifer L. Castle=jennifer.castle@magd.ox.ac.uk
 Tony Castleman=tonyc@gwu.edu
 Cristian Castrillón=castrilloncc@gmail.com
 Ana Esther Castro=esther@uvigo.es
 Francisco Barros Castro=fcastro@fep.up.pt
 Freddy H. Castro=freddycastro@gmail.com
 Gabriela Lopes de Castro=ggcastro@bportugal.pt
 J. Marcos Castro=mcastro@uma.es
 Juan F. Castro=juan.castro@qeh.ox.ac.uk
 Rui Luís de Castro=rui.castro@umontreal.ca
 Vitor Castro=vcastro@fe.uc.pt
 Julie A. Caswell=caswell@resecon.umass.edu
 Guido Cataife=gcataife@yahoo.com
 Gelsomina Catalano=catalano@csilmilano.com
 Margarida Catalão-Lopes=mcatalao@tecnico.ulisboa.pt
 Luis A.V. Catão=lcatao@imf.org
 Delia Florina Catarama=delia.catarama@fin.ase.ro
 Marco Catenaro=marco.catenaro@ecb.int
 Nazif Catik=a.nazif.catik@ege.edu.tr
 Eliane P. Catilina=catilina@econ.umd.edu
 Iacob Catoiu=iacob_catoiu@yahoo.com
 Sususmu Cato=susumu.cato@gmail.com
 Matias Damian Cattaneo=cattaneo@umich.edu
 Luca Cattani=luca.cattani@unibo.it
 David William Cattell=cattell@mac.com
 Peter Catt=peter.catt@soltius.co.nz
 Elizabeth Caucutt=ecaucutt@uwo.ca
 Steven B Caudill=caudills@rhodes.edu
 Jean-François Caulier=jean-francois.caulier@univ-paris1.fr
 Orsetta Causa=orsetta.causa@oecd.org
 Vasile-Aurel Caus=vcaus@uoradea.ro
 Michel Cavagnac=michel.cavagnac@univ-tlse1.fr
 Mileno Cavalcante=milenoc@yahoo.com
 Jose Carlos Cavalcanti=cavalcanti.jc@gmail.com
 Tiago Vanderlei de Vasconcelos Cavalcanti=tvdvc2@cam.ac.uk
 Alberto Cavaliere=cavalier@unipv.it
 Giuseppe Cavaliere=giuseppe.cavaliere@unibo.it
 Duccio Cavalieri=duccio.cavalieri1@virgilio.it
 Lilia Cavallari=cavallar@uniroma3.it
 Eleonora Cavallaro=eleonora.cavallaro@uniroma1.it
 Laura Cavalli=laura.cavalli@unibocconi.it
 David Cavallini=cavallin@ds.unifi.it
 Simona Cavallini=s.cavallini@formit.org
 Eduardo Alfredo Cavallo=eduardo.cavallo@gmail.com
 Danilo Cavapozzi=danilo.cavapozzi@unive.it
 Ricardo Humberto Cavazos-Cepeda=ricardo.cavazos@gmail.com
 Roberto J. Cavazos=robertojcavazosphd@gmail.com
 Laurent Cavenaile=laurent.cavenaile@nyu.edu
 Alessio Cavicchi=a.cavicchi@unimc.it
 Daniele Cavicchioli=daniele.cavicchioli@unimi.it
 Mustafa Fedai Cavus=mcavus@cu.edu.tr
 Tarkan Çavuşoğlu=tarkan.cavusoglu@hacettepe.edu.tr
 John Cawley=jhc38@cornell.edu
 Jean Marie Cayemitte=jemac80@yahoo.fr
 Michael Cayley=mgcayley@hotmail.com
 Francisco Cayon=francisco.cayon@uam.es
 Peter Julian Amascual Cayton=pacayton@up.edu.ph
 Gabriel Nickolas Cazotto=gage_cazotto@yahoo.com.br
 Guido Cazzavillan=guido@unive.it
 Chiara Cazzuffi=chiara.cazzuffi@gmail.com
 Sebastian Cea=seba.cea.echenique@gmail.com
 Luis Ceballos, Sr.=lceballos@bcentral.cl
 Fatma Cebenoyan=fcebenoy@hunter.cuny.edu
 Cem Çebi=cem.cebi@tcmb.gov.tr
 Merve Cebi=mcebi@umassd.edu
 Richard J. Cebula=dr.richardcebula@gmail.com
 Stephen Cecchetti=cecchetti@brandeis.edu
 Claudio Cecchi=claudio.cecchi@uniroma1.it
 Francesco Cecchi=francesco.cecchi@wur.nl
 Massimiliano Cecconi=massimiliano.cecconi@bpm.it
 Grazia Cecere=ceceregr@yahoo.it
 Martina Cecioni=martina.cecioni@bancaditalia.it
 Michele Graziano Ceddia=graziano.ceddia@modul.ac.at
 Mario Aldo Cedrini=mario.cedrini@unito.it
 Elena Cedrola=elena.cedrola@unimc.it
 Ebrima K. Ceesay=ceesayebrimak@yahoo.com
 Nicolas Célant=celant@irdes.fr
 Bogaçhan Çelen=bogac@nyu.edu
 Marco Celentani=marco.celentani@uc3m.es
 Giuseppe Celi=g.celi@unifg.it
 Ferdi Celikay=ferdicelikay@gmail.com
 Gorkem Celik=celik@essec.fr
 Levent Celik=levent.celik@cerge-ei.cz
 Onur Burak Celik=oburakc@hotmail.com
 Sadullah Çelik=scelik@marmara.edu.tr
 Fred CELIMENE=fred.celimene@martinique.univ-ag.fr
 Dorota Celinska-Janowicz=d.celinska@uw.edu.pl
 Michela Cella=michela.cella@unimib.it
 Roberto Cellini=cellini@unict.it
 Jérémy Celse=jeremy.celse@escdijon.eu
 Luigi Cembalo=cembalo@unina.it
 Andres Cendales, Sr.=aacendales@gmail.com
 Claudia Ceniccola=cc313@le.ac.uk
 Maria de Lourdes Centeno=lcenteno@iseg.utl.pt
 Mário Centeno=mcenteno@bportugal.pt
 Marco Centoni=m.centoni@lumsa.it
 Freddy Cepeda López=fcepedlo@banrep.gov.co
 Eduard Gabriel Ceptureanu=eduard_ceptureanu@yahoo.com
 Sebastian Ion Ceptureanu=ceptureanu@yahoo.com
 Alfio Cerami=alfio.cerami@policy-evaluation.org
 Vittoria Cerasi=vittoria.cerasi@unimib.it
 Arcadio A. Cerda=acerda@utalca.cl
 Rodrigo Cerda=rcerdan@uc.cl
 Maria Conceição Cerdeira=mcerdeira@iscsp.utl.pt
 Lidia Ceriani=lidia.ceriani@unibocconi.it
 Fabio Cerina=fcerina@unica.it
 Evren Ceritoğlu=evren.ceritoglu@tcmb.gov.tr
 Rodolfo Cermeño=rodolfo.cermeno@cide.edu
 Luis Fernando Cernadas=lfcernadas@bcb.gob.bo
 Lucian Cernat=lucian.cernat@ec.europa.eu
 Bozidar Cerovic=cerovi@ekof.bg.ac.rs
 Augusto Cerqua=augusto.cerqua@uniroma1.it
 Daniel Ricardo de Castro Cerqueira=daniel.cerqueira@ipea.gov.br
 Hugo Cerqueira=hugo@cedeplar.ufmg.br
 Pedro André Cerqueira=pacerq@fe.uc.pt
 Rui Filipe Cerqueira Quaresma=quaresma@uevora.pt
 Roy Cerqueti=roy.cerqueti@unimc.it
 Elio Cerrito=elio.cerrito@bancaditalia.it
 Ana María Cerro=acerro@herrera.unt.edu.ar
 Corrado Cerruti=corrado.cerruti@uniroma2.it
 Giovanni Cerulli=g.cerulli@ceris.cnr.it
 Leandro Cerutti=cheru21@yahoo.com.ar
 Matteo Cervellati=m.cervellati@unibo.it
 María Cervini-Plá=maria.cervini@udg.edu
 Ambrogio Cesa-Bianchi=ambrogio.cesa-bianchi@bankofengland.co.uk
 Sergio Cesaratto=cesaratto@unisi.it
 David Cesarini=david.cesarini@nyu.edu
 Riccardo Cesari=riccardo.cesari@unibo.it
 Tatiana Cesaroni=tatiana.cesaroni@bancaditalia.it
 Berardino Cesi=berardino.cesi@uniroma2.it
 Giovanni Cespa=giovanni.cespa.1@city.ac.uk
 Luis Felipe Cespedes=lfcespedes@uai.cl
 Nikita Cespedes Reynaga=nikitacr@gmail.com
 Giacinta Cestone=gcestone@unisa.it
 Resul Cesur=cesur@business.uconn.edu
 Ahmet Cetin=akcetin@hotmail.com
 Tamer Cetin=tamer.cetin@yahoo.com
 Predrag Ćetković=predrag.cetkovic@wu.ac.at
 Nicola Cetorelli=nicola.cetorelli@ny.frb.org
 Gilbert Cette=gilbert.cette@banque-france.fr
 Elena Cettolin=e.cettolin@uvt.nl
 Emrah Ismail Cevik=emrahic@yahoo.com
 Serhan Cevik=scevik@imf.org
 Sanli Pinar Ceyhan=pinarceyhans@yahoo.com
 Nildag Basak Ceylan=nildag@gmail.com
 Jad Chaaban=jc11@aub.edu.lb
 Bastien Chabé-Ferret=bastien.chabe-ferret@psemail.eu
 Jagjit S. Chadha=j.s.chadha@kent.ac.uk
 Rajesh Chadha=rchadha@ncaer.org
 Meltem Gulenay Chadwick=meltem.chadwick@tcmb.gov.tr
 Ravi Chaganti=cravi@cess.ac.in
 André Luis Squarize Chagas=achagas@usp.br
 Mohammed Chahim=m.chahim@gmail.com
 Anissa Chaibi=anissa.chaibi@ipag.fr
 Ines Chaieb=ines.chaieb@unige.ch
 Laetitia Chaix=chaix@gredeg.cnrs.fr
 Raja Chakir=raja.chakir@grignon.inra.fr
 Avik Chakrabarti=chakra@uwm.edu
 Rajashri Chakrabarti=rajashri.chakrabarti@ny.frb.org
 Manisha Chakrabarty=mchakrabarty@iimcal.ac.in
 Sayan Chakrabarty=chakrabar@yahoo.com
 Subhajit Chakrabarty=subhajitchakrabarty@hotmail.com
 Archishman Chakraborty=archishman@yu.edu
 Atreya Chakraborty=atreya.chakraborty@umb.edu
 Bidisha Chakraborty=bidisha.chakraborty@gmail.com
 Debashis Chakraborty=debchakra@gmail.com
 Indraneel Chakraborty=ichakraborty@cox.smu.edu
 Indranil Chakraborty=indro@nus.edu.sg
 Lekha S. Chakraborty=lekhachakraborty@gmail.com
 Shankha Chakraborty=shankhac@uoregon.edu
 Satya R. Chakravarty=satya@isical.ac.in
 Sugato Chakravarty=sugato@purdue.edu
 Sujoy Chakravarty=sujoy@mail.jnu.ac.in
 Sujit Chakravorti=real_guru_2@hotmail.com
 Ujjayant Chakravorty=ujjayant.chakravorty@tufts.edu
 Karim Chalak=chalak@bc.edu
 George Chalamandaris=gchalamandar@aueb.gr
 James A. Chalfant=jim@primal.ucdavis.edu
 Martin Chalkley=martin.chalkley@york.ac.uk
 Daniel E. Chall=danchall@gmail.com
 Edouard Challe=edouard.challe@gmail.com
 Damien Challet=damien.challet@ecp.fr
 Guenther K. Chaloupek=guenther@chaloupek.eu
 Frank Joseph Chaloupka, IV=fjc@uic.edu
 Rubiana M. Chamarbagwala=rchamarb@indiana.edu
 Thomas Eugene Chamberlain=tomchamb@ix.netcom.com
 Jordan Chamberlin=chamb244@msu.edu
 David Chambers=d.chambers@jbs.cam.ac.uk
 Matthew S. Chambers=mchambers@towson.edu
 Robert G Chambers=rchambers@arec.umd.edu
 Sarah Chambers=sarah.chambers@derm.qld.gov.au
 Claire Chambolle=claire.chambolle@ivry.inra.fr
 Andrés Chambouleyron=achambouleyron@compasslexecon.com
 Ralph Chami=rchami@imf.org
 Christophe Chamley=chamley@bu.edu
 Marcos Chamon=mchamon@imf.org
 Jose Manuel Chamorro=jm.chamorro@ehu.es
 José María Chamorro Rivas=chamorro@uvigo.es
 Bruce Champ=bruceachamp@me.com
 Sylvain Champonnois=sylvain.champonnois@blackrock.com
 Alan Tak Yan Chan=alan.chan@crandallu.ca
 David Chanci=lchanci@fen.uchile.cl
 Parkash Chander=pchander@jgu.edu.in
 Vincent Chandler=chandlev@econ.queensu.ca
 Abhijeet Chandra=chandra.abhijeet@yahoo.com
 Ramesh Chandra=ramesh56chandra@yahoo.com
 Sunil Chandrasiri=sunilch@sltnet.lk
 Thomas Chaney=thomas.chaney@gmail.com
 Felix Chan=felix.chan@cbs.curtin.edu.au
 Chia-Lin Chang=changchialin@nchu.edu.tw
 Chia-Ying Chang=cychang36@gmail.com
 Fwu-Ranq Chang=changf@indiana.edu
 Hung-Hao Chang=hunghaochang@ntu.edu.tw
 Myong-Hun Chang=m.chang@csuohio.edu
 Pao-Li Chang=plchang@smu.edu.sg
 Roberto Chang=chang@econ.rutgers.edu
 Sanders S. Chang=schang1@udayton.edu
 Ting Fa Margherita Chang=chang@uniud.it
 Tsangyao Chang=tychang@fcu.edu.tw
 Wen-Chun Chang=wchang@mail.ntpu.edu.tw
 Yanqin Chang=yanqin@gmail.com
 Yongsung Chang=yongsung.chang@rochester.edu
 Yoonhee Tina Chang=y.t.chang@bath.ac.uk
 Yoosoon Chang=yoosoon@indiana.edu
 Youngho Chang=isyhchang@ntu.edu.sg
 Hei Sing Chan=chan@econ.umd.edu
 Ho Fai Chan=hofai.chan@qut.edu.au
 Muhammad Irfan Chani=irfanchani@yahoo.com
 Keith Chan=keith.chan@uts.edu.au
 Kwok Ho Chan=thomaschan@uic.edu.hk
 Jorge Chan-Lau=jchanlau@imf.org
 Paul W. Chan=paul.chan@manchester.ac.uk
 Supachet Chansarn=supachet.c@bu.ac.th
 Sommarat Chantarat=sommarat.chantarat@anu.edu.au
 Sébastien Chantelot=sebchnt@gmail.com
 Frédéric Chantreuil=frederic.chantreuil@unicaen.fr
 Chan Tze-Haw=thchan@usm.my
 Wen Li Chan=wenli.chan@nottingham.edu.my
 Wing Hong Chan=wchan@wlu.ca
 Yuk-Shee Chan=yukshee.chan@gmail.com
 Slim Chaouachi=chaouachislim@yahoo.fr
 Yong Chao=yongchao.usa@gmail.com
 Juan Camilo Chaparro=chap0441@umn.edu
 Ariane Chapelle=ariane.chapelle@gmail.com
 Guillaume Chapelle=guillaume.chapelle@sciencespo.fr
 Bruce James Chapman=bruce.chapman@anu.edu.au
 David Chapman=david.chapman@bc.edu
 James Thompson Edward Chapman=jchapman@bankofcanada.ca
 Antony Chapoto=a.chapoto@cgiar.org
 Jean Michel Chapuis=jean-michel.chapuis@univ-paris1.fr
 Wojciech Charemza=wch@le.ac.uk
 Andrea Khamyeane Chareunsy=achareun@efs.mq.edu.au
 Lanouar CHARFEDDINE=lanouar_charf@yahoo.fr
 Anusha Chari=achari@unc.edu
 Varadarajan Chari=chari@res.mpls.frb.fed.us
 Jorge Alberto Charles Coll=jorgecharles@hotmail.com
 Léo Charles=leo.charles@u-bordeaux4.fr
 Loïc Charles=charles@ined.fr
 Dorothée CHARLIER=dorothee.charlier@univ-montp1.fr
 Patrice CHARLIER=patrice.charlier@em-strasbourg.eu
 Sylvie Charlot,=sylvie.charlot@grenoble.inra.fr
 Valery Charnavoki=vcharnavoki@nes.ru
 Gary Charness=charness@econ.ucsb.edu
 Teerawat Charoenrat=tc888@uowmail.edu.au
 Banchongsan Charoensook=b.charoensook@alhosnu.ae
 Gerard Charreaux=gerard.charreaux@wanadoo.fr
 Jon CHARTERINA=jon.charterina@ehu.es
 Charvak=mrcharvak@gmail.com
 Coro Chasco Yrigoyen=coro.chasco@uam.es
 Carmen Chasovschi=carmenc@seap.usv.ro
 Andri Chassamboulli=andricha@ucy.ac.cy
 Cléo Chassonnery-Zaïgouche=cleo.chassonnery@univ-paris1.fr
 Florian Chatagny=chatagny@kof.ethz.ch
 Jean Chateau=jean.chateau75@orange.fr
 Alain Jacques Chateauneuf=chateaun@univ-paris1.fr
 Jean-Bernard Chatelain=jean-bernard.chatelain@univ-paris1.fr
 Nicolas Chatelais=nicolas.chatelais@banque-france.fr
 Celine Chatelin=celine.chatelin@wanadoo.fr
 Vincent Chatellier=vincent.chatellier@nantes.inra.fr
 Mark David Chatfield=mark.chatfield@menzies.edu.au
 Arpita Chatterjee=chatterjee.arp@gmail.com
 Partha Chatterjee=chatterjee.p@gmail.com
 Prabirendra Chatterjee=padp80@rediffmail.com
 Santanu Chatterjee=schatt@terry.uga.edu
 Satyajit Chatterjee=chatterjee.satyajit@gmail.com
 Sidharta Chatterjee=sidharta123@yahoo.com
 Swarnankur Chatterjee=swarn@uga.edu
 Tonmoy Chatterjee=tonmoy.eco@hotmail.com
 Sadhan Kumar Chattopadhyay=skchattopadhyay@rbi.org.in
 Anoop Chaturvedi=anoopchaturv@gmail.com
 Andreas Chatzidakis=andreas.chatzidakis@rhul.ac.uk
 Konstantinos Chatzimichael=k.chatzimichael@cut.ac.cy
 Fotios Chatzitheodoridis=fchatzitheo@gmail.com
 Dr. Imran Sharif Chaudhry=imran@bzu.edu.pk
 Pradeep Chaudhry=pradeepifs@yahoo.com
 Theresa T. Chaudhry=theresa@lahoreschool.edu.pk
 Ananish Chaudhuri=a.chaudhuri@auckland.ac.nz
 Kausik Chaudhuri=kausik@iimb.ernet.in
 Saraswata Chaudhuri=saraswata_chaudhuri@unc.edu
 Sarbajit Chaudhuri=sarbajitch@yahoo.com
 Swayan Chaudhuri=swayan.chaudhuri@newcastle.ac.uk
 Parama Chaudhury=p.chaudhury@ucl.ac.uk
 Gastón Chaumont=grc134@psu.edu
 Nancy H. Chau=hyc3@cornell.edu
 Lisa Chauvet=chauvet@dial.prd.fr
 Marcelle Chauvet=chauvet@ucr.edu
 Pauline Chauvin=pauline.chauvin@parisdescartes.fr
 Valérie Chauvin=valerie.chauvin@banque-france.fr
 Aditya S Chavali=acsathyan27@gmail.com
 Fernando Chavarro Miranda, Dr=fchavarr@uniandino.com.co
 Jean-Paul Chavas=jchavas@wisc.edu
 Emilio José Chaves=chavesej@hotmail.com
 Rafael Chaves=rafael.chaves@uv.es
 Juan Carlos Chavez-Martin del Campo=jcchavezm@banxico.org.mx
 Marie Chazal=marie.chazal@yahoo.fr
 Houssem Eddine Chebbi=chebbihe@gmail.com
 Boualem-Ammar CHEBIRA=boualem.chebira@univ-annaba.org
 Daniele Checchi=daniele.checchi@unimi.it
 Guillaume Cheikbossian=guillaume.cheikbossian@univ-montp1.fr
 Naoufel Cheikhrouhou=naoufel.cheikhrouhou@epfl.ch
 Jiahua Che=jiahua@cuhk.edu.hk
 Prakashan Chellattan Veettil=prakashanieg@gmail.com
 Sophie Chemarin=sophie.chemarin@bnpparibas.com
 Matthieu Chemin=matthieu.chemin@mcgill.ca
 Gilles Chemla=g.chemla@imperial.ac.uk
 An Chen=an.chen@uni-ulm.de
 Andrew Y. Chen=chen_1678@fisher.osu.edu
 Anping Chen=anping.chen@hotmail.com
 Natasha Xingyuan Che=xc22@georgetown.edu
 Régis Chenavaz=r.chenavaz@gmail.com
 Been-Lon Chen=bchen@econ.sinica.edu.tw
 Bin R. Chen=xiechenbin@gmail.com
 Bo Chen=bochen@smu.edu
 Cathy W. S. Chen=chenws@mail.fcu.edu.tw
 Chien-Hsun Chen=chchen@mail.cier.edu.tw
 Chien-Yin (Eric) Chen=z04z29@gmail.com
 Chunlai Chen=chunlai.chen@anu.edu.au
 En-Te Chen=e.chen@qut.edu.au
 Gang Chen=chengang1029@gmail.com
 Dazhong Cheng=chengdz@fudan.edu.cn
 Gong Cheng=gong.cheng@sciences-po.org
 I-Hui Cheng=icheng@nuk.edu.tw
 Jin CHENG (Ph. D candidate)=cheng@unistra.fr
 Ka Ming Cheng=kmcheng@hsmc.edu.hk
 Lian Cheng=chenglian1976@yahoo.com.hk
 Sao-Wen Cheng=cheng@vwl.wiwi.uni-siegen.de
 Seu Keow Cheng=seu.cheng@utas.edu.au
 Terence Chai Cheng=techeng@unimelb.edu.au
 Guifu Chen=chenguifu@xmu.edu.cn
 Wenli Cheng=wenli.cheng@buseco.monash.edu.au
 Han Chen=chehan@sas.upenn.edu
 Hao Chen=pingfengma@126.com
 Nhu Che=nhu.che@anu.edu.au
 Hui Chen=huichen@mit.edu
 Jia Chen=jia.chen@york.ac.uk
 Jian Chen=jackalchen@gmail.com
 Jiaqian Chen=jchen@imf.org
 Jie Chen=chen.jie@mail.shufe.edu.cn
 Jie Chen=jichen@umd.edu
 Jing Chen=chenj@unbc.ca
 Jing Chen=jc.ino@cbs.dk
 Jinzhao CHEN=jichen@ens.pse.fr
 Jong-Rong Chen=jrchen@cc.ncu.edu.tw
 Josie I Chen=i_chen@brown.edu
 Kaiji Chen=kaiji.chen@emory.edu
 Kong-Pin Chen=kongpin@gate.sinica.edu.tw
 Lei Chen=zsuchen@yahoo.com
 Le-Yu Chen=lychen@econ.sinica.edu.tw
 Li Chen=zchenlic@hotmail.com
 Liang Chen=lchen@eco.uc3m.es
 Linchun Chen=lic026@ucsd.edu
 Long Chen=lchen@ckgsb.edu.cn
 Maggie Chen=xchen@gwu.edu
 Ming-Hsien Chen=mhchen@nkfust.edu.tw
 Natalie A. Chen=n.a.chen@warwick.ac.uk
 Pu Chen=chenpu60@hotmail.com
 Qiang Chen=qiang2chen2@126.com
 Qianying Chen=qchen2@imf.org
 Shu-Heng Chen=chen.shuheng@gmail.com
 Shu-Hua Chen=shchen@mail.ntpu.edu.tw
 Si Chen=si.chen@economics.ox.ac.uk
 Stacey Chen=schen@econ.sinica.edu.tw
 Tai-Liang Chen=tailiang@buffalo.edu
 陳泰源 (Tai-Yuan Chen)=tyedward@gmail.com
 Tao Chen=taochen@cuhk.edu.hk
 Tao Chen=tchen@ouhk.edu.hk
 T. Daphne Chen=tyyying@gmail.com
 Wei-Chih Chen=weichihc2@gmail.com
 Wen-Hao Chen=wen-hao.chen@oecd.org
 Wenjie Chen=chenw@gwu.edu
 Xi Chen=xi.chen.edu@gmail.com
 Xiaoguang Chen=xguangchen@gmail.com
 Xiaoshan Chen=cxiaoshaneva@hotmail.com
 Xinxiang Chen=chen0642@umn.edu
 陈言 (YAN CHEN)=ychen265@asu.edu
 Yangyang Chen=yangyang.chen@monash.edu
 Yenming J. Chen=yjjchen@nkfust.edu.tw
 Yi-Chun Chen=ecsycc@nus.edu.sg
 Yi-Kai Chen 陳怡凱=chen@nuk.edu.tw
 Yiu Por (Vincent) Chen=ypchen@cityu.edu.hk
 Yongmin Chen=yongmin.chen@colorado.edu
 Yuanyuan Chen=chenyu@marshall.edu
 Yu-chin Chen=yuchin@u.washington.edu
 Yu-Lun Chen=yoloom@cycu.edu.tw
 Yuyu Chen=chenyuyu@gsm.pku.edu.cn
 Zhan-Ming Chen=chenzhanming@pku.edu.cn
 Zhihong Chen=zhihong.chen@uibe.edu.cn
 Zhijun Chen=chenzj1219@gmail.com
 Chin Wen Cheong=wcchin99@yahoo.com
 David Cheong=cheong@ilo.org
 Insuk Cheong=icheong@hufs.ac.kr
 Laurens Cherchye=laurens.cherchye@kuleuven.be
 Olfa Cherif=cherifolfa2002@yahoo.fr
 Dov Chernichovsky=dov@som.bgu.ac.il
 Howard Chernick=howard.chernick@hunter.cuny.edu
 Mikhail Chernov=mikhail.chernov@anderson.ucla.edu
 Arnaud Cheron=acheron@univ-lemans.fr
 Andrew Chesher=andrew.chesher@ucl.ac.uk
 Paul Charles Cheshire=p.cheshire@lse.ac.uk
 Ali Cheshomi=a.cheshomi@um.ac.ir
 Tatyana Chesnokova=tatyana.chesnokova@adelaide.edu.au
 Lynne Chester=lynne.chester@sydney.edu.au
 Priviledge Cheteni=viccyville@gmail.com
 Raj Chetty=chetty@fas.harvard.edu
 Calista Cheung=calista.cheung@oecd.org
 Maria Cheung=maria.cheung@ne.su.se
 Ron Cheung=rcheung@oberlin.edu
 Judith Chevalier=judith.chevalier@yale.edu
 Philippe Chevalier=philippe.chevalier@uclouvain.be
 Agnès Chevallier=agnes.chevallier@cepii.fr
 Julien Chevallier=julien.chevallier04@univ-paris8.fr
 Thanaset Chevapatrakul=thanaset.chevapatrakul@nottingham.ac.uk
 Guillaume Chevillon=chevillon@essec.edu
 Rosalind Chew=archew@ntu.edu.sg
 Soon Beng Chew=asbchew@ntu.edu.sg
 XiaoGang Che=che1@ualberta.ca
 Yeon-Koo Che=yc2271@columbia.edu
 Yi Che=tccheyi2005@hotmail.com
 Benoît Chèze=benoit.cheze@ifpen.fr
 Imran Umer Chhapra=imran_js@yahoo.com
 Kimlong Chheng=kimlong_gold@yahoo.com
 Aline Chiabai=aline.chiabai@bc3research.org
 Eric P. Chiang=chiang@fau.edu
 Shin-Hwan Chiang=schiang@econ.yorku.ca
 Thomas C. Chiang=chiangtc@drexel.edu
 Benjamin Chiao=benjamin.chiao@gmail.com
 Carlos Chiapa=cchiapa@colmex.mx
 Enrica Chiappero-Martinetti=enrica.chiappero@unipv.it
 Raphaël Chiappini=raphael.chiappini@gredeg.cnrs.fr
 Pierre Chiappori=pc2167@columbia.edu
 Carl Chiarella=carl.chiarella@uts.edu.au
 Ricky Chee-Jiun Chia=ricky_chia82@hotmail.com
 Bruno Chiarini=bruno.chiarini@uniparthenope.it
 Stefano Chiarlone=chiarlone@yahoo.com
 Wai-Mun Chia=aswmchia@ntu.edu.sg
 Liliana Alejandra Chicaíza Becerra=lachicaizab@unal.edu.co
 Graciela Chichilnisky=chichilnisky1@gmail.com
 Benaissa Chidmi=chidmibenaissa@hotmail.com
 Gabriella Chiesa=gabriella.chiesa@unibo.it
 Tatiana Andreevna Chigvintseva=tchigvintseva@eu.spb.ru
 Monty Childs=monty_childs@freddiemac.com
 Mihaela-Nona Chilian=cnona@ipe.ro
 Alberto Chilosi=chilosi@sp.unipi.it
 John Blackwell Chilton=uaeeconomist@hotmail.com
 Aimee Chin=achin@uh.edu
 Anthony Thengheng Chin=anthonychin@nus.edu.sg
 Andrew Ching=aching@rotman.utoronto.ca
 Rosie JM Ching=rosieching@smu.edu.sg
 Menzie Chinn=mchinn@lafollette.wisc.edu
 Pradeep K. Chintagunta=pradeep.chintagunta@chicagobooth.edu
 William Chin=william.chin@covance.com
 Zivanemoyo Chinzara=zchinzara@yahoo.com
 Paolo Chiocchetti=paolo.chiocchetti@kcl.ac.uk
 Vera Chiodi=chiodi@pse.ens.fr
 Vincenzo Chiorazzo=v.chiorazzo@abi.it
 Jing-Yuan Chiou=jychioua@gmail.com
 Ioana Chioveanu=ioana.chioveanu@brunel.ac.uk
 Jonathan Mpundu Chipili=jchipili@boz.zm
 Daniel Chiquiar=dchiquia@yahoo.com
 Alessandra Chirco=alessandra.chirco@unisalento.it
 Viorica Chirila=vchirila@uaic.ro
 Lect.dr. Sebastian-Cristian CHIRIMBU=sebastian_chirimbu@yahoo.com
 Bob Chirinko=chirinko@uic.edu
 Blessing M. Chiripanhura=chiripanhura@yahoo.co.uk
 Mireille Chiroleu-Assouline=mireille.chiroleu-assouline@univ-paris1.fr
 Themba Gilbert Chirwa=themba.chirwa@mca-m.gov.mw
 Barry R. Chiswick=brchis@uic.edu
 Carmel U. Chiswick=cchis@gwu.edu
 Mona Chitnis=m.chitnis@abdn.ac.uk
 Livia Chitu=livia.chitu@ecb.europa.eu
 Jonathan Chiu=jchiu@bankofcanada.ca
 Chiza Charles Chiumya=chiza_2004@yahoo.com
 Y. Stephen Chiu=schiu@econ.hku.hk
 Mali Chivakul=mchivakul@imf.org
 David Chivers=david.chivers@manchester.ac.uk
 Luminita Chivu=chivu@ince.ro
 Marian CHIVU=chivumarian@yahoo.com
 Levison S. Chiwaula=lchiwaula@yahoo.co.uk
 Wei Chi=chiw@sem.tsinghua.edu.cn
 Yichun Chi=yichun.cias@gmail.com
 Thorsten Chmura=thorsten.chmura@nottingham.ac.uk
 Petar Pandushev Chobanov=pchoby@gmail.com
 Cheol-Joo cho=cheoljcho@cheongju.ac.kr
 Grzegorz Chodak=grzegorz.chodak@pwr.wroc.pl
 Chongwoo Choe=chongwoo.choe@monash.edu
 Chung Choe=choechung@gmail.com
 Jongmook Choe=choe.jongmook@gmail.com
 Andy Sungnok Choi=kecc21@hanmail.net
 Changkyu Choi=ckchoi@mju.ac.kr
 Chi-Young Choi=cychoi@uta.edu
 Horag Choi=horag.choi@monash.edu
 Hwan-sik Choi=hwansik@binghamton.edu
 Hyundo Choi=hyundo_choi@chosun.ac.kr
 Hyung Sun Choi=hyungsunchoi@gmail.com
 Jay Pil Choi=jay.choi@unsw.edu.au
 Christine Choirat=cchoirat@unav.es
 Seung Mo Choi=schoi@imf.org
 Sunghee Choi=choisu21@yahoo.co.kr
 Syngjoo Choi=syngjoo.choi@ucl.ac.uk
 최용석 (Yong-Seok Choi)=choiy@khu.ac.kr
 Jang-Ok Cho=chojangok@sogang.ac.kr
 Xavier Chojnicki=xavier.chojnicki@univ-lille2.fr
 Uma Chollangi=umachollangi@gmail.com
 Shun Chonabayashi=sc2258@cornell.edu
 Alberto Chong=achong@uottawa.ca
 Eshien Chong=chong.iae@univ-paris1.fr
 Juin-Kuan Chong=bizcjk@nus.edu.sg
 Terence T. L. Chong=chong2064@cuhk.edu.hk
 Aekapol CHONGVILAIVAN=achongvilaivan@adb.org
 Eugene Choo=echoo@ucalgary.ca
 Lawrence C.Y Choo=lawrence.cy.choo@gmail.com
 Chee-Keong Choong=choongck@utar.edu.my
 Davin Chor=davinchor@gmail.com
 Sang-Wook (Stanley) Cho=s.cho@unsw.edu.au
 Seonghoon Cho=sc719@yonsei.ac.kr
 Seong-Hoon Cho=scho9@utk.edu
 Seo-Young Cho=sc2242@columbia.edu
 Duangkamon Chotikapanich=duangkamon.chotikapanich@monash.edu
 Ali Choudhary=a.choudhary@surrey.ac.uk
 Ehsan U. Choudhri=ehsan_choudhri@carleton.ca
 Homagni Choudhury=hoc6@aber.ac.uk
 Pradeep Kumar Choudhury=pradeep.hcu@gmail.com
 بن زعرور شكري (Benzarour Choukri)=cbenzarour@hotmail.fr
 Andreas S. Chouliaras=andreas.chouliaras@uni.lu
 Linjie Chou=linjiechou@hotmail.com
 Johanna Choumert=johanna.choumert@udamail.fr
 Ray Yeutien Chou=imfacrc@gmail.com
 Kyriakos Chourdakis=kyriakos.chourdakis@nomura.com
 Yu-Hsi Chou=yhchou@mail.fju.edu.tw
 Abdur Chowdhury=abdur.chowdhury@marquette.edu
 Anirvan Chowdhury=anirvanc@gmail.com
 Ibrahim Chowdhury=ibrahim.chowdhury@snb.ch
 Samik Chowdhury=samik_141@yahoo.co.uk
 Shyamal Chowdhury=shyamal.chowdhury@sydney.edu.au
 Gregory Chow=gchow@princeton.edu
 Piyush Kumar Chowhan=pchowhan@yahoo.co.uk
 Hwee Kwan Chow=hkchow@smu.edu.sg
 James Peter Choy=j.choy@warwick.ac.uk
 Keen Meng Choy=kmchoy@mas.gov.sg
 Marylin Choy=marylin.choy@bcrp.gob.pe
 S.T. Boris Choy=b.choy@econ.usyd.edu.au
 David Christafore=dchrista@ynu.ac.kr
 Dimitris Christelis=dimitris.christelis@gmail.com
 Elisabeth M. Christen=elisabeth.christen@wifo.ac.at
 Bent Jesper Christensen=bjchristensen@econ.au.dk
 Finn Christensen=fchristensen@towson.edu
 Ian Christensen=ichristensen@bankofcanada.ca
 Jens Henrik Eggert Christensen=jens.christensen@sf.frb.org
 Kim Christensen=kchristensen@creates.au.dk
 Atanas Christev=a.christev@hw.ac.uk
 Lawrence Christiano=l-christiano@northwestern.edu
 Otchia Samen Christian=bensamen@yahoo.fr
 John K. Christiansen=johnc@cbs.dk
 Thomas James Christian=thomas_christian@abtassoc.com
 Edward Hunter Christie=edward.hunter.christie@gmail.com
 Clémence Christin=clemence.christin@unicaen.fr
 Julian Phillip Christ=julian.christ@uni-hohenheim.de
 Nicos Christodoulakis=nchris@aueb.gr
 Manolis Christofakis=mchri@panteion.gr
 Susan K Christoffersen=susan.christoffersen@rotman.utoronto.ca
 Louis N. Christofides=louis.christofides@ucy.ac.cy
 Dimitris Christopoulos=dk.christopoulos@gmail.com
 Costas Christou=cchristou@imf.org
 Iskra Bogdanova Christova-Balkanska=iskbal@bas.bg
 Michail Chronopoulos=michail.chronopoulos@nhh.no
 Georgios Marios Chrysanthou=gmc@ua.es
 Naouel Chtioui=naouel.tunisie@gmail.com
 Swee-Hoon Chuah=swee-hoon.chuah@nottingham.ac.uk
 Hwei-Lin Chuang=hlchuang@mx.nthu.edu.tw
 Angus C. Chu=angusccc@gmail.com
 Yih-chyi Chuang=ycchuang03@gmail.com
 Soo Yean Chua=sychua@usm.my
 Thomas Chuffart=thomas.chuffart@univ-amu.fr
 Chuku Chuku=chukuachuku@gmail.com
 Okoye, B.C=okoyebenjamen@yahoo.com
 Helena Chuliá=hchulia@ub.edu
 Romulo Chumacero=rchumacero@gmail.com
 Albert Lee Chun=albertleechun@gmail.com
 Anna Stolyarova Chung=astchung@umich.edu
 Anthony Fai-Tong Chung=faichung@stanford.edu
 Chanjin Chung=chanjin.chung@okstate.edu
 Hess Thomas Chung=hess.t.chung@frb.gov
 Kim-Sau Chung=sau@umn.edu
 Tai-Yeong Chung=tchung@uwo.ca
 Tinfah Chung=tinfah@yahoo.com
 Yeimin Chung=yeimin@naver.com
 Hyunbae Chun=hchun@sogang.ac.kr
 Natalie Chun=nchun@adb.org
 So Yeon Chun=sc1286@georgetown.edu
 Sungju Chun=sjchun@bu.edu
 Benjamin Andrew Chupp=bchupp@ilstu.edu
 Jeffrey Church=jrchurch@ucalgary.ca
 Tianshu Chu=chutianshu1999@gmail.com
 Victorio Chu=victorio.chu@bcb.gov.br
 Yongqiang Chu=yongqiang.chu@moore.sc.edu
 Yu-Wei Luke Chu=luke.chu@vuw.ac.nz
 Hau Chyi=hauchyi@gmail.com
 Lukáš Chylík=chylik@opf.slu.cz
 Julie Chytilová=chytilova@fsv.cuni.cz
 Emanuele Ciani=emanuele.ciani@bancaditalia.it
 Alessio Ciarlone, Sr.=alessio.ciarlone@bancaditalia.it
 Aitor Ciarreta Antuñano=aitor.ciarreta@ehu.es
 Maurizio Ciaschini=ciasco@unimc.it
 Steve Cicala=scicala@uchicago.edu
 Stephen M. Ciccarella, Jr.=smc227@cornell.edu
 Silvia Ciccarelli=silvia.ciccarelli@uniroma1.it
 Daniela Ciccolella=ciccolella@issm.cnr.it
 Serkan Cicek=serkan.cicek@hotmail.com
 Paul L. Cichello=paul.cichello@gmail.com
 Stanisław Cichocki=scichocki@wne.uw.edu.pl
 Giovanni Cicia=cicia@unina.it
 Rocco Ciciretti=ciciretti@economia.uniroma2.it
 Alejandro Cid=acid@um.edu.uy
 Andrzej Cieślik=cieslik@wne.uw.edu.pl
 Giulio Cifarelli=giulio.cifarelli@unifi.it
 Atilla Cifter=atillacifter@yahoo.com
 Alessandro Cigno=cigno@unifi.it
 Martin Cihak=mcihak@hotmail.com
 Cengiz Cihan=cengiz.cihan@tcmb.gov.tr
 Seyit Mümin Cilasun=smcilasun@atilim.edu.tr
 Federico Ciliberto=ciliberto@virginia.edu
 Jacopo Cimadomo=jacopo.cimadomo@ecb.europa.eu
 Mario Cimoli=mario.cimoli@cepal.org
 Dragos Cimpoies=dcimpoies@gmail.com
 Baris Cinar=baris.cinar@tcmb.gov.tr
 Serkan Cinar=serkan.cinar@cbu.edu.tr
 Michele Cincera=mcincera@ulb.ac.be
 Martin Cincibuch=martin.cincibuch@ogresearch.com
 Lubomír Cingl=lubos.cingl@seznam.cz
 Marijan Cingula=mcingula@efzg.hr
 Francesco Cinnirella=cinnirella@ifo.de
 Giuseppe Cinquegrana=gicinque@istat.it
 Lino Cinquini=l.cinquini@sssup.it
 Inna Cintina=icintina@hawaii.edu
 Marcos Cintra Cavalcanti de Albuquerque=mcintra@marcoscintra.org
 Anamaria Ciobanu=canamaria@yahoo.com
 Ghenadie Ciobanu=ghenadc@gmail.com
 Radu Ciobanu=radu_ciobanu_86@yahoo.com
 Alexandra Ema Cioclea=alexandra.cioclea@yahoo.com
 Marco Cioppi=marco.cioppi@uniurb.it
 Costin Ciora=costin.ciora@cig.ase.ro
 Raluca Ciornea=raluca.ciornea@econ.ubbcluj.ro
 Cristina Steliana Ciote=cristinaciote@yahoo.com
 Ugur Ciplak=ugur.ciplak@tcmb.gov.tr
 Andrea Cipollini=andrea.cipollini@unipa.it
 Fabrizio Cipollini=cipollini@disia.unifi.it
 Angela Cipollone=angela.cipollone@uniroma2.it
 Piero Cipollone=pcipollone@worldbank.org
 Giam Pietro Cipriani=g.p.cipriani@univr.it
 Marco Cipriani=marco.cipriani@ny.frb.org
 Andrea Cira'=acira@unime.it
 Daniel Cîrciumaru=danielcirciumaru@gmail.com
 Joan Carles Cirer Costa=jccirer@gmail.com
 Daria Ciriaci=daria.ciriaci@ec.europa.eu
 Emanuele Ciriolo=eciriolo@ulb.ac.be
 Dragan Čišić=dragan@pfri.hr
 Sadettin Haluk Citci=hcitci@gyte.edu.tr
 Vitalie Ciubotaru=vitalie_ciubotaru@yahoo.com
 Alina Teodora Ciuhureanu=alinaciuhureanu@yahoo.com
 Daniel Ciuiu=dciuiu@yahoo.com
 Tudor Ciumara=tudor@ciumara.ro
 Nicoleta Ciurila=nciurila@yahoo.com
 Pierangelo Ciurlia=ciurlia@uniroma3.it
 Constantin Ciutacu=constantinciutacu@ien.ro
 Irfan Civcir=civcir@politics.ankara.edu.tr
 Gabriela Civeira=gciveira@agro.uba.ar
 Piotr Ciżkowicz=pcizko@sgh.waw.pl
 Yetkin Çınar=ycinar@ankara.edu.tr
 Victor V. Claar=vclaar@gmail.com
 Stijn Claessens=sclaessens@imf.org
 Peter Claeys=peter.claeys@eui.eu
 Daragh Clancy=daragh.clancy@centralbank.ie
 John M. Clapp=john.clapp@business.uconn.edu
 Richard H. Clarida=rhc2@columbia.edu
 Andrew Clark=andrew.clark@ens.fr
 David Clark=david.clark@marquette.edu
 Andrew J. Clarke=andrew.clarke@unimelb.edu.au
 Damian C. Clarke=damian.clarke@economics.ox.ac.uk
 Daniel J. Clarke=dclarke2@worldbank.org
 Edward Clarke=edward_clarke@hotmail.com
 Geoffrey P. Clarke=geoff.clarke@gmail.com
 George Clarke=grgclarke@grgclarke.com
 Harry Clarke=h.clarke@latrobe.edu.au
 Judith Anne Clarke=jaclarke@uvic.ca
 Ephraim Clark=e.clark@mdx.ac.uk
 Gordon L. Clark=gordon.clark@ouce.ox.ac.uk
 Gregory Clark=gclark@ucdavis.edu
 Jeremy Edmund Clark=jeremy.clark@canterbury.ac.nz
 Ken Clark=ken.clark@man.ac.uk
 Steven P. Clark=spclark@uncc.edu
 Miquel Clar=mclar@ub.edu
 Sebastian Claro=sclaro@uc.cl
 Mark Anthony Clatworthy=mark.clatworthy@bristol.ac.uk
 Denis Claude=denis_claude_economics@yahoo.fr
 Andrew Clausen=andrew.clausen@ed.ac.uk
 Laura Lee Clauser=laura.clauser@us.gt.com
 Pierre Clauss=p.clauss@afic.asso.fr
 Oscar Claveria=oclaveria@ub.edu
 Gustavo Matias=gustavo.matias@uam.es
 Karen B. Clay=kclay@andrew.cmu.edu
 Harry Cleaver=hmcleave@eco.utexas.edu
 Jeffrey P. Clemens=clemens.jeffrey@gmail.com
 Marius Clemens=mclem@uni-potsdam.de
 Fabio Clementi=fabio.clementi@unimc.it
 Gian Luca Clementi=gclement@stern.nyu.edu
 Lorenzo Clementi=loclemen@ulb.ac.be
 Kenneth W. Clements=ken.clements@uwa.edu.au
 Gerhard Clemenz=gerhard.clemenz@univie.ac.at
 Torkil Clemmensen=tc.inf@cbs.dk
 Laurent CLERC=laurent.clerc2@banque-france.fr
 Eric V. Clifton=eric.vincent.clifton@gmail.com
 Judith Clifton=judith.clifton@unican.es
 Francisco Climent=f.jose.climent@uv.es
 Salvador Climent Serrano=salvador.climent@uv.es
 David Clingingsmith=dlc43@case.edu
 Jean-Pierre Cling=jean-pierre.cling@diplomatie.gouv.fr
 Paul Clipa=clipaul@gmail.com
 Paul Clist=paulclist@gmail.com
 Dale O. Cloninger=cloninger@uhcl.edu
 Stefano Clo=stefanoclo@hotmail.com
 Charles T. Clotfelter=charles.clotfelter@duke.edu
 Irma Clots Figueras=iclots@eco.uc3m.es
 Joseph A. Clougherty=jaclough@illinois.edu
 James Cloyne=james.cloyne@bankofengland.co.uk
 Merlise A. Clyde=clyde@stat.duke.edu
 Alex Coad=alex.coad@gmail.com
 Ernestina Coast=e.coast@lse.ac.uk
 Bronwyn Coate=bronwyn.coate@rmit.edu.au
 Daniel Coates=coatesd@fhfb.gov
 Dennis Coates=coates@umbc.edu
 Stephen Coate=sc163@cornell.edu
 Kalyn Todd Coatney=coatney@agecon.msstate.edu
 R. Morris Coats=morris.coats@nicholls.edu
 Warren Coats=wcoats@aol.com
 Serap Çoban=seraps@nevsehir.edu.tr
 Deborah A. Cobb-Clark=d.cobb-clark@unimelb.edu.au
 Jim Cobbe=jcobbe@fsu.edu
 Loren Cobb=loren.cobb@ucdenver.edu
 Alex Cobham=acobham@cgdev.org
 David Cobham=d.cobham@hw.ac.uk
 David Coble=dcoble@uchicago.edu
 Keith H. Coble=coble@agecon.msstate.edu
 Catherine Y. Co=cco@mail.unomaha.edu
 Andrea Cocchi=itcocchi@gmail.com
 Mario Coccia=m.coccia@ceris.cnr.it
 Luca Cocconcelli=l.cocconcelli@ucl.ac.uk
 Paolo Coccorese=coccorese@unisa.it
 Ioniţa Cochinţu=ionitacochintu@yahoo.com
 John H. Cochrane=john.cochrane@chicagobooth.edu
 Nancy Cochrane=cochrane@ers.usda.gov
 Catalina Cocianu=ccocianu@ase.ro
 Simona Elena Cociuba=simona.cociuba@gmail.com
 Dragan Živko Ćoćkalo=cole@tfzr.uns.ac.rs
 Iain M. Cockburn=cockburn@bu.edu
 John Cockburn=jcoc@ecn.ulaval.ca
 William Paul Cockshott=wpc@dcs.gla.ac.uk
 Bart Leo Wim Cockx=bart.cockx@ugent.be
 Giuseppe Coco=giuseppe.coco@unifi.it
 Emidio Cocozza=emidio.cocozza@bancaditalia.it
 Flavia Coda Moscarola=flavia.codamoscarola@carloalberto.org
 Silvia Coderoni=silviacoderoni@gmail.com
 Jean-Marie Codron=codron@supagro.inra.fr
 David Theodore Coe=davidtcoe@gmail.com
 César Coelho=coelho.news@yahoo.co.uk
 Danilo Santa Cruz Coelho=danilo.coelho@ipea.gov.br
 Fernando Sergio Machado Pontes Coelho=fpcoelho@gmail.com
 Luís Alberto Godinho Coelho=lcoelho@uevora.pt
 Michael Bernard Coelli=mcoelli@unimelb.edu.au
 Timothy James Coelli=t.coelli@uq.edu.au
 Germà Coenders=germa.coenders@udg.edu
 Günter Coenen=gunter.coenen@ecb.int
 Johan Coenen=johan.coenen@maastrichtuniversity.nl
 Lars Coenen=lars.coenen@circle.lu.se
 Norma B. Coe=nbcoe@uw.edu
 Patrick Coe=patrick_coe@carleton.ca
 Marisa Coetzee=marisa.coetzee@gmail.com
 Jerome Coffinet=jerome.coffinet@banque-france.fr
 D'Maris D. Coffman=ddc22@cam.ac.uk
 Anthea Coggan=anthea.coggan@csiro.au
 Jill Coghlan=jillcoghlan@gmail.com
 Timothy Cogley=tim.cogley@nyu.edu
 Denis Cogneau=cogneau@pse.ens.fr
 Alma Cohen=almac@post.tau.ac.il
 Ethan Cohen-Cole=ecohencole@gmail.com
 Sarit Cohen-Goldner=cohens1@mail.biu.ac.il
 Jim Cohen=jcohen@jjay.cuny.edu
 Joseph Nathan Cohen=joseph.cohen@qc.cuny.edu
 Malcolm Cohen=malco@umich.edu
 Mark A. Cohen=mark.cohen@owen.vanderbilt.edu
 Michael A. Cohen=mcohen@stern.nyu.edu
 Michèle D Cohen=cohenmd@univ-paris1.fr
 Richard Howard Cohen=afrc2@cbpp.uaa.alaska.edu
 Roger Stephen Cohen=rogerscohen@yahoo.com
 Ruben D. Cohen=ruben.cohen@citigroup.com
 Marie Coiffard=marie.coiffard@hotmail.fr
 Paulo César Coimbra Lisboa=pc.coimbra@gmail.com
 Valentin Cojanu=sw.economics@yahoo.com
 Adrian Cojocariu=a_cojocariu@yahoo.com
 Irina Cojuharenco=icojuharenco@clsbe.lisboa.ucp.pt
 Riccardo Colacito=riccardo.colacito@gmail.com
 David Colander=colander@middlebury.edu
 Giuseppe Colangelo=giuseppe.colangelo@unibas.it
 Italo Colantone=italo.colantone@unibocconi.it
 Emiliano Colantonio=colantonio@unich.it
 Cinzia Colapinto=cinzia.colapinto@unive.it
 Annarita Colasante=a.colasante@univpm.it
 Ioana Cristina COLBU=ioana_colbu@yahoo.com
 Christopher Colburn=ccolburn@odu.edu
 Andrea Colciago=andreacolciago@gmail.com
 Magali Coldefy=coldefy@irdes.fr
 Harold Cole=colehl@sas.upenn.edu
 Fabrizio Colella=colella.fabrizio@studbocconi.it
 David Coleman=david.coleman@alcoa.com
 Christopher Andrew Coleman-Fenn=c.coleman-fenn@qut.edu.au
 Alisha J. Coleman-Jensen=acjensen@ers.usda.gov
 Les Coleman=les.coleman@unimelb.edu.au
 Simeon Coleman=s.coleman@lboro.ac.uk
 Stephen Coleman=dr.stephencoleman@gmail.com
 John Coleman=coleman@duke.edu
 William Oliver Coleman=william.coleman@anu.edu.au
 Matthew A. Cole=m.a.cole@bham.ac.uk
 Matthew T. Cole=colemat@gmail.com
 Liesbeth Colen=liesbeth.colen@econ.kuleuven.be
 Rebel A. Cole=rcole@depaul.edu
 Sofia Colesca=e_colesca@yahoo.com
 Jeffrey L. Coles=jeffrey.coles@asu.edu
 Michele Coletti=michele.coletti@grenoble-em.com
 Dana Colibaba=dana@ase.ro
 Thomas Colignatus=cool@dataweb.nl
 Renato Perim Colistete=rcolistete@usp.br
 Hugo A. Collacciani=hcollacciani@yahoo.com.ar
 M. Dolores Collado=collado@ua.es
 Mikael Collan=mikael.collan@gmail.com
 Paolo Colla=paolo.colla@unibocconi.it
 Fabrice Collard=fabrice.collard@gmail.com
 Allan Collard-Wexler=wexler@stern.nyu.edu
 Rodolphe Pierre COLLE=rodolphe.colle@iae-aix.com
 Stephanie Collet=scollet@escpeurope.eu
 Jean-Edouard Colliard=jean-edouard.colliard@ecb.int
 William Collier=w.j.collier@kent.ac.uk
 Stefan Collignon=s.collignon@sssup.it
 Jason Collins=jason@jasoncollins.org
 Jock Collins=jock.collins@uts.edu.au
 Gregory Colman=gcolman@pace.edu
 Jonathan Colmer=j.m.colmer@lse.ac.uk
 Fernando Coloma Correa=fcoloma@uc.cl
 German Coloma=gcoloma@cema.edu.ar
 Carsten Colombier=carstenco@web.de
 Sara Colombini=sara.colombini@unimore.it
 Ugo Colombino=ugo.colombino@unito.it
 Caterina Colombo=caterina.colombo@unife.it
 Emilio Colombo=emilio.colombo@unimib.it
 Gianluca Colombo=gianluca.colombo@uninsubria.it
 Luca Colombo=lucava.colombo@unicatt.it
 Stefano Colombo=stefano.colombo@unicatt.it
 Aurélien Colson=colson@essec.fr
 Francesco Columba=fcolumba@imf.org
 Christopher Louis Colvin=chris.colvin@qub.ac.uk
 Scott Robert Colwell=scolwell@uoguelph.ca
 Carmen Comaniciu=carmen_comaniciu@yahoo.com
 François Combarnous=combarno@u-bordeaux4.fr
 Pierre-Philippe Combes=ppcombes@gmail.com
 Adama COMBEY=adama.combey@gmail.com
 Irene Comeig=irene.comeig@uv.es
 Joshua Comenetz=joshua.comenetz@gmail.com
 David Comerford=dcomerf@gmail.com
 Calin-Adrian Comes=calin.comes@ea.upm.ro
 Diego Comin=dcomin@hbs.edu
 Francesca Cominelli=francesca.cominelli@univ-paris1.fr
 Stefano Comino=stefano.comino@uniud.it
 Pasquale Commendatore=commenda@unina.it
 Marco Committeri=marco.committeri@bancaditalia.it
 Margherita Comola=margherita.comola@univ-paris1.fr
 Diego Compagna=diego.compagna@uni-duisburg-essen.de
 Fabiano Compagnucci=fabianoc@iuav.it
 Olivier Compte=compte@enpc.fr
 Laure COM-RUELLE=comruelle@irdes.fr
 Carrie Conaway=cconaway@doe.mass.edu
 Sisinnio Concas=concas@cutr.usf.edu
 Adriana Conconi=aconconi@depeco.econo.unlp.edu.ar
 Paola Conconi=pconconi@ulb.ac.be
 J. Ignacio Conde-Ruiz=conde-ruiz@fedea.es
 Christian Condevaux-Lanloy=christian.condevaux-lanloy@hec.unige.ch
 Thomas Conefrey=thomas.conefrey@centralbank.ie
 Juan Carlos Conesa=juan.conesa@stonybrook.edu
 Thomas E. Cone, IV=tcone@brockport.edu
 Cristina Conflitti=cristina.conflitti@bancaditalia.it
 Heather Congdon Fors=heather.congdon@economics.gu.se
 Pierluigi Congedo=pierluigi.congedo@kcl.ac.uk
 Roger D. Congleton=roger.congleton@mail.wvu.edu
 Emilio Congregado=congregado@uhu.es
 Rong-Gang Cong=cascong@126.com
 Nicola Daniele Coniglio=mconiglio@yahoo.com
 John Conley=j.p.conley@vanderbilt.edu
 Timothy Guy Conley=tconley3@uwo.ca
 Michael Edward Conlin=conlinmi@msu.edu
 Christopher T. Conlon=cconlon@columbia.edu
 Luke B. Connelly=l.connelly@uq.edu.au
 Michael John Connelly=michaelconnelly@rediffmail.com
 Rachel Connelly=connelly@bowdoin.edu
 Jonathan Conning=jconning@hunter.cuny.edu
 Helen C. Connolly=hcc7@columbia.edu
 Marie Connolly=connolly.marie@uqam.ca
 Gregory Connor=gregory.connor@nuim.ie
 John M. Connor=jconnor@purdue.edu
 Alexander Conrad=aconrad@hotmail.de
 Christian Conrad=christian.conrad@awi.uni-heidelberg.de
 Julian Conrads=julian.conrads@uni-koeln.de
 Ronán M. Conroy=rconroy@rcsi.ie
 Andrea Consiglio=andrea.consiglio@unipa.it
 Davide Consoli=davide.consoli@ingenio.upv.es
 Amelie Constant=constant@iza.org
 Christos Constantatos=cconst@uom.gr
 Daniela Constantin=danielaconstantin_2005@yahoo.com
 Andreea Constantinescu=andreea_constantinescu07@yahoo.com
 Dan Constantinescu=dr.dconstantinescu@yahoo.com
 Madalina Constantinescu=constantinescu_madalina2002@yahoo.co.uk
 Mihaela Constantinescu=mihaela.co@gmail.com
 Radu Constantinescu=radu.constantinescu_85@yahoo.com
 George M. Constantinides=gmc@chicagobooth.edu
 Laura-Gabriela CONSTANTIN=constantinlauragabriela@gmail.com
 Ioanna Constantiou=ic.inf@cbs.dk
 Karine Constant=karine.constant@univ-amu.fr
 Andrea Conte=andrea.conte@ec.europa.eu
 Anna Conte=a.conte@westminster.ac.uk
 Bernard CONTE=conte@u-bordeaux4.fr
 Mariana Conte Grand=mcg@cema.edu.ar
 Massimo Conte=maxxiconte@gmail.com
 Antonio Conti=antoniomaria.conti@bancaditalia.it
 Gabriella Conti=gabriella.conti@ucl.ac.uk
 Federico Eduardo Contiggiani=fconti@uns.edu.ar
 Maurizio Conti=mconti@economia.unige.it
 Bruno Contini=bruno.contini@unito.it
 Francesco Contò=f.conto@connection.it
 Paul Contoyannis=contoyp@mcmaster.ca
 Carlos Contreras=ccontre@pucp.edu.pe
 Dante Contreras=contreras.dante@gmail.com
 Hugo Contreras=hugocon@ula.ve
 Juan M. Contreras=jutirado@gmail.com
 Roberto Carlos Contreras Marin=roberto.contreras@utem.cl
 Salvador Contreras=contrerass@utpa.edu
 Paul Conway=paul.conway@productivity.govt.nz
 Martin J. Conyon=martin.conyon@gmail.com
 Pierluigi Conzo=pierluigi.conzo@unito.it
 Adam R. Cook=adamrcook@gmail.com
 Daniel E. Cook=dec@u.northwestern.edu
 David Cook=davcook@ust.hk
 C. Justin Cook=cjcook@ssc.wisc.edu
 Philip J Cook=pcook@duke.edu
 Thomas Cooley=tcooley@stern.nyu.edu
 Maria J. Coolican=mariajc@umich.edu
 David Jacob Cooper=djcooper@fsu.edu
 Joseph Cooper=jcooper@ers.usda.gov
 Russel John Cooper=russel.cooper@chi-research.com.au
 Mihai Copaciu=mihai.copaciu@bnro.ro
 Adam Matthew Copeland=adam.copeland@ny.frb.org
 Brian R. Copeland=copeland@econ.ubc.ca
 Laurence Copeland=copelandl@cf.ac.uk
 Jonathan Coppel=jonathan.coppel@pc.gov.au
 Lee A. Coppock, II=coppock@virginia.edu
 Gianluigi Coppola=glcoppola@unisa.it
 Michela Coppola=coppola@mea.mpisoc.mpg.de
 Marco Corazza=corazza@unive.it
 Luca Corazzini=luca.corazzini@unipd.it
 Ana Corbacho=acorbacho@hotmail.com
 P. Dean Corbae=corbae@ssc.wisc.edu
 Shaen Corbet=shaen.corbet@dcu.ie
 Jenny Corbett=jenny.corbett@anu.edu.au
 Ion Corbu=vicobnoru@yahoo.fr
 Luis C. Corchon=lcorchon@eco.uc3m.es
 Beatriz Corchuelo Martínez-Azúa=bcorchue@unex.es
 Matteo Corciolani=corciolani@ec.unipi.it
 David Córcoles=david.corcoles@uclm.es
 Sean Corcoran=sean.corcoran@nyu.edu
 Jose Luis Cordeiro=jose_cordeiro@yahoo.com
 Tito Cordella=tcordella@worldbank.org
 Joseph Cordes=cordes@gwu.edu
 Juan Cordoba=cordoba@iastate.edu
 Encarnación Cordón Lagares=ecordon@uhu.es
 Julio Felipe Cordova=jcordova@bu.edu
 Pamela Cordova Olivera=pcordova@upb.edu
 Ariel Alberto Coremberg=acorem@econ.uba.ar
 Brice Corgnet=corgnet@chapman.edu
 Bruno Ćorić=bcoric@efst.hr
 Fabrizio Coricelli=fabrizio.coricelli@gmail.com
 Giorgio Coricelli=giorgio.coricelli@usc.edu
 Francesco Corielli=francesco.corielli@unibocconi.it
 Marie CORIS=coris@u-bordeaux4.fr
 Francesca Cornaglia=f.cornaglia@qmul.ac.uk
 Alessandra Cornaro=alessandra.cornaro@unicatt.it
 Adriana Cornea-Madeira=adriana.cornea-madeira@york.ac.uk
 Flavia Corneli=flavia.corneli@bancaditalia.it
 Gert Cornelissen=gert.cornelissen@upf.edu
 Thomas Cornelissen=t.cornelissen@ucl.ac.uk
 Giovanni Andrea Cornia=giovanniandrea.cornia@unifi.it
 Sébastien Corniglion=sebastien.corniglion@unice.fr
 Gérard Cornilleau=gerard.cornilleau@sciencespo.fr
 Lucia Corno=l.corno@qmul.ac.uk
 Christopher Cornwell=cornwl@uga.edu
 Daniela Tatiana Corodeanu Agheorghiesei=dtc@uaic.ro
 Daniel Coronado=daniel.coronado@uca.es
 Javier Coronado=francisco.coronado@upf.edu
 Roberto A. Coronado=roberto.coronado@dal.frb.org
 Joel Corona=corona.joel@epa.gov
 Laura Coroneo=laura.coroneo@york.ac.uk
 Monica Maria Coros=monica.coros@tbs.ubbcluj.ro
 Corrado Corradi=corrado.corradi@unibo.it
 Massimiliano Corradini=m.corradini@uniroma3.it
 Riccardo Corradini=riccardocorradini@hotmail.com
 Stefano Corradin=stefano.corradin@ecb.int
 Germana Corrado=corrado@uniroma2.it
 Luisa Corrado=luisa.corrado@uniroma2.it
 Raffaele Corrado=raffaele.corrado@unibo.it
 Eugenia Correa=correa@unam.mx
 Juan Byron Correa Fonnegra=jbcorrea@univalle.edu.co
 Gabriel Barreto Correa=gabrielbcorrea@gmail.com
 Nelson Correa=nelsoncorreaf@hotmail.com
 luca Correani=correani@unitus.it
 Adriana Maria Corredor-Waldron=crrdrwl2@illinois.edu
 Antonia Correia=acorreia@ualg.pt
 Joao Correia-da-Silva=joao@fep.up.pt
 Filipa Correia=filipa.correia@cepal.org
 Isabel Correia=maria.isabel.horta.carvalho@bportugal.pt
 José Eduardo Boto Correia=jec@uevora.pt
 Leonida Correia=lcorreia@utad.pt
 Jay R. Corrigan=corriganj@kenyon.edu
 Nicoletta Corrocher=nicoletta.corrocher@unibocconi.it
 Giancarlo Corsetti=gc422@cam.ac.uk
 Marcella Corsi=marcella.corsi@uniroma1.it
 Lorenzo Corsini=lcorsini@unifi.it
 Dario Corso=dario.corso@unipa.it
 Eduardo Ariel Corso=eduardo.corso@bcra.gov.ar
 Thomas Cortade=thomas.cortade@univ-lorraine.fr
 Alexandra Cortés Aguilar=alexacor@uis.edu.co
 Carlos Antulio Cortés Ballesteros=carlos.cortes.b@gmail.com
 Roberto Cortés Conde=economia@udesa.edu.ar
 Darwin Cortés=darwin.cortes@urosario.edu.co
 Guido Matias Cortes=matias.cortes@manchester.ac.uk
 Lina M. Cortés=lcortesd@eafit.edu.co
 Yasna Cortés=ycortes01@ucn.cl
 Willy Walter Cortez=wcortez@cucea.udg.mx
 Carlos Cortinhas=c.cortinhas@exeter.ac.uk
 Maria Luisa Corton=mcorton@mail.usf.edu
 Alejandro Corvalan=alejandro.corvalan@udp.cl
 Frank Cörvers=frank.corvers@maastrichtuniversity.nl
 Raffaele Corvino=racorvino@libero.it
 Nevin Coşar=cnevin@yildiz.edu.tr
 Carolina Cosculluela Martínez=cosculluela.c@gmail.com
 Metin Cosgel=cosgel@uconn.edu
 Thomas F. Cosimano=cosimano.1@nd.edu
 Yener Coskun=ycoskun@spk.gov.tr
 Andreea Cosnita-Langlais=acosnita@u-paris10.fr
 Filippo Cossetti=cossettifilippo@yahoo.it
 Lilia Costabile=costabil@unina.it
 Massimo Costabile=massimo.costabile@unical.it
 Nazaré Costa Cabral=nazarecabral@fd.ul.pt
 Maria Teresa Costa-Campi=mtcosta@ub.edu
 Cristiano M. Costa=cristianocosta@unisinos.br
 Ecio de Farias Costa=ecio@yahoo.com
 Montserrat Costa-Font=montserrat.costa-font@upc.edu
 Hélia Costa=helia.costa@eui.eu
 Joan Costa-i-Font=j.costa-font@lse.ac.uk
 James S. Costain=james.costain@bde.es
 Ionara Costa=ionara.da.costa@gmail.com
 José da Silva Costa=jcosta@fep.up.pt
 Leonor Freire Costa=leonorc@iseg.utl.pt
 Rafael Costa Lima=rafaelcostalima@usp.br
 Luís Filipe Pereira da Costa=lukosta@iseg.ulisboa.pt
 Michele Costa=michele.costa@unibo.it
 Marco Costanigro=marco.costanigro@colostate.edu
 Mauro Costantini=mauro.costantini@brunel.ac.uk
 Riccardo Costantini=riccardo.costantini.10@ucl.ac.uk
 Valeria Costantini=valeria.costantini@uniroma3.it
 Carmen-Eugenia Costea=cecostea@yahoo.com
 Christopher Costello=costello@bren.ucsb.edu
 Ionela Costica=ionela.costica@fin.ase.ro
 Michele Costola=michele@costo.la
 Denise Côté=dcote@bank-banque-canada.ca
 Pablo Cotler=pablo.cotler@uia.mx
 Pablo Coto-Millán=cotop@unican.es
 Alexander Cotte Poveda=alexcotte@yahoo.com
 Ronald Cotterill=ronald.cotterill@uconn.edu
 John Cotter=john.cotter@ucd.ie
 Elena Cottini=elena.cottini@unicatt.it
 Christopher Cotton=cotton@business.miami.edu
 Matteo Cotugno=matteo.cotugno@sdabocconi.it
 Kenneth Couch=kenneth.couch@uconn.edu
 Jean-Pierre Couderc=couderjp@ensam.inra.fr
 Virginie Coudert=virginie.coudert@banque-france.fr
 Dafnis N. Coudounaris=dcoudounaris@gmail.com
 Cletus C. Coughlin=coughlin@stls.frb.org
 Dramane Coulibaly=dramane.coulibaly@u-paris10.fr
 Issiaka Coulibaly=issiaka1.coulibaly@etu.u-pec.fr
 Souleymane Coulibaly=scoulibaly2@worldbank.org
 Harold Coulombe=hcoulombe@videotron.ca
 Serge Coulombe=serge.coulombe@uottawa.ca
 Renaud Coulomb=renaud.coulomb@gmail.com
 Robert Coulon=robert.coulon@u-bourgogne.fr
 N. Edward Coulson=fyj@psu.edu
 Jézabel Couppey-Soubeyran=couppey@univ-paris1.fr
 Hélène Couprie=helene.couprie@u-cergy.fr
 Paul Noah Courant=pnc@umich.edu
 Marsha J. Courchane=mcourchane@crai.com
 Daniel Courgeau=daniel.courgeau@wanadoo.fr
 Boris Cournède=boris.cournede@oecd.org
 Jean-Michel Courtault=courtault.jean-michel@univ-paris13.fr
 Charles Courtemanche=ccourtemanche@gsu.edu
 Philippine Cour-Thimann=philippine.cour-thimann@ecb.int
 Sébastien Courtin=sebastien.courtin@u-cergy.fr
 Pascal Courty=pcourty@uvic.ca
 Francois H. Courvoisier=francois.courvoisier@he-arc.ch
 Tarek Coury=tarekcoury@gmail.com
 Mel Cousins=cousinsm@tcd.ie
 Kristof Coussement=k.coussement@ieseg.fr
 João Pedro Couto=jpedro@uac.pt
 Mathieu Couttenier=mathieu.couttenier@unil.ch
 Kenneth Coutts=ken.coutts@econ.cam.ac.uk
 Brindusa Covaci=brindusa.covaci@yahoo.com
 Enrique Covarrubias=enrique.covarrubias@insead.edu
 Francisco Covas=francisco.b.covas@frb.gov
 James Peery Cover=jcover@cba.ua.edu
 Decio Coviello=decio.coviello@gmail.com
 Giovanni Covi=covi.giovanni@gmail.com
 Arnold R. Cowan=arnie@iastate.edu
 Benjamin Wayne Cowan=ben.cowan@wsu.edu
 Kevin N. Cowan=kcowan@bcentral.cl
 Robin Cowan=r.cowan@merit.unimaas.nl
 Margaret W. Cowee=margaretc@unr.edu
 Frank Alan Cowell=f.cowell@lse.ac.uk
 Matt Cowgill=mcowgill@actu.org.au
 Marc Cowling=m.cowling2@brighton.ac.uk
 Donald Cox=donald.cox@bc.edu
 James C. Cox=jccox@gsu.edu
 Nicholas Cox=n.j.cox@durham.ac.uk
 Paulo Cox=pcox@bcentral.cl
 Raymond Anthony King Cox=rcox@unbc.ca
 Bogdan-Octavian O. Cozmanca=cozmancabogdan@gmail.com
 Claudio Cozza=claudio.cozza@me.com
 Guido Cozzi=guido.cozzi@unisg.ch
 Marco Cozzi=mcozzi@econ.queensu.ca
 Karen Crabbé=karen.crabbe@econ.kuleuven.be
 Peter Crabb=prcrabb@nnu.edu
 Daniel Cracau=cracau@ovgu.de
 Maria Francesca Cracolici=mariafrancesca.cracolici@unipa.it
 Nicholas Crafts=n.crafts@warwick.ac.uk
 Steven G. Craig=scraig@uh.edu
 Roland Clairmonte Craigwell=roland.craigwell@cavehill.uwi.edu
 David Crainich=d.crainich@ieseg.fr
 W. Mark Crain=crainm@lafayette.edu
 Jan Salomon Cramer=mars.cramer@upcmail.nl
 Claude Crampes=claude.crampes@tse-fr.eu
 Eric Crampton=eric.crampton@canterbury.ac.nz
 Peter Cramton=cramton@umd.edu
 Lin Ronald Crase=l.crase@latrobe.edu.au
 Renaud Crassous=crassous@centre-cired.fr
 Nuno Crato=ncrato@iseg.utl.pt
 Javier Cravino=jcravino@umich.edu
 Túlio Antonio Cravo=tulio.cravo@pucrs.br
 Eric Winthrop Crawford=crawfor5@msu.edu
 Gregory S Crawford=gregory.crawford@econ.uzh.ch
 Ian Crawford=ian.crawford@economics.ox.ac.uk
 Robert G. Crawford=robert_crawford@byu.edu
 Kenneth Creamer=kenneth.creamer@wits.ac.za
 Jerome Creel=jerome.creel@sciences-po.fr
 Michael Creel=michael.creel@uab.es
 Stefan Creemers=s.creemers@ieseg.fr
 Helmuth Cremer=helmuth.cremer@tse-fr.eu
 Jacques Crémer=jacques@cremeronline.com
 Emily T. Cremers=emilycremers@gmail.com
 Katrin Cremers=cremers@zew.de
 Pierre-Yves Cremieux=pcremieux@analysisgroup.com
 Gustavo A. Crespi=gcrespi@iadb.org
 Olivier Crespi Reghizzi=crespireghizzi@agroparistech.fr
 Jesus Crespo Cuaresma=jcrespo@wu.ac.at
 Jorge Crespo=jorge.crespo@uam.es
 Juan Alfonso Crespo=juan.crespo@uam.es
 Nuno Crespo=nuno.crespo@iscte.pt
 Ricardo F. Crespo=rcrespo@iae.edu.ar
 Robert Cressy=r.cressy@bham.ac.uk
 Felix S. Creutzig=creutzig@mcc-berlin.net
 Olivier Crevoisier=olivier.crevoisier@unine.ch
 Sarai Criado=sarai.criado-nuevo@ec.europa.eu
 Jonathan Cribb=jonathan_c@ifs.org.uk
 Keith Criddle=kcriddle@sfos.uaf.edu
 Jacopo Crimi=jacopo.crimi@feem.it
 Rosario Crino=crino@cemfi.es
 Daniela Alexandra Crisan=dacrisan@yahoo.com
 Chiara Criscuolo=chiara.criscuolo@oecd.org
 Paola Criscuolo=p.criscuolo@imperial.ac.uk
 Riccardo Cristadoro=riccardo.cristadoro@bancaditalia.it
 Anca D. Cristea=cristea@uoregon.edu
 Mirela Cristea=mirelas.cristea@gmail.com
 Julian Cristia=jcristia@iadb.org
 Socol Cristian=socolcristian1@yahoo.com
 Oscar Cristi=ocristi@udd.cl
 Ernesto Crivelli=ecrivelli@imf.org
 Marco Crivellini=m.crivellini@univpm.it
 Matjaž Črnigoj=crnigojm@ier.si
 Marco Crocco=crocco@cedeplar.ufmg.br
 Mariano Massimiliano Croce=mmc287@gmail.com
 Corrado Crocetta=c.crocetta@unifg.it
 Elisabetta CROCI ANGELINI=croci@unimc.it
 Alessandro Crociata=crociata@gmail.com
 Sean Crockett=sean.crockett@baruch.cuny.edu
 Enrica Croda=enrica.croda@unive.it
 ION CROITORU, Sr.=ion.croitoru.ag@gmail.com
 John R. Crooker=crooker@ucmo.edu
 Douglas Crookes=d_crookes@hotmail.com
 Maureen L. Cropper=cropper@econ.umd.edu
 Mélanie Croquet=melanie.croquet@umons.ac.be
 Mark Crosby=m.crosby@mbs.edu
 Paolo Crosetto=paolo.crosetto@gmail.com
 Rachel Croson=croson@uta.edu
 Rod Cross=rod.cross@strath.ac.uk
 Facundo Luis Crosta=fcrosta@cedlas.org
 Dean Croushore=dcrousho@richmond.edu
 William J. Crowder=crowder@uta.edu
 Christopher Crowe=c.w.crowe@gmail.com
 Meredith A. Crowley=crowley.meredith@gmail.com
 Patrick Matthew Crowley=patrick.crowley@tamucc.edu
 Karen Croxson=karen_croxson@mckinsey.com
 Matthieu Crozet=matthieu.crozet@gmail.com
 Anca Francisca Cruceru=ancacruceru1@gmail.com
 Caterina Cruciani=cruciani@unive.it
 Mario John Crucini=mario.j.crucini@vanderbilt.edu
 Federico Crudu=federico.crudu@gmail.com
 Richard K. Crump=richard.crump@ny.frb.org
 Salvador Cruz-Ake=salvador.ake22@gmail.com
 Ana Rita Cruz=ana.rita.cruz@iscte.pt
 Carlos Oliveira Cruz=ccruz@civil.ist.utl.pt
 José Neves Cruz=josec@direito.up.pt
 Luís Cruz=lmgcruz@fe.uc.pt
 Prince Christian Cruz=prcruz@upd.edu.ph
 Alexis Cruz-Rodriguez=acruzrodriguez@gmail.com
 Csaba Csávás=csavascs@mnb.hu
 Zsuzsanna Csereklyei=zsuzsanna.csereklyei@acceron.at
 Andrea Csiki=andreadina@hotmail.com
 Ágnes Csiszárik-Kocsir Ph.D.=kocsir.agnes@kgk.uni-obuda.hu
 Péter Csóka=peter.csoka@uni-corvinus.hu
 György Csomós=csomos@eng.unideb.hu
 Gergely Csorba=csorba@econ.core.hu
 Stefan Csordás=stefan.csordas@gmx.net
 Juan R. Cuadrado-Roura=jr.cuadrado@uah.es
 Gabriel Cuadra=gcuadra@banxico.org.mx
 Lucía Cuadro Sáez=lucia.cuadro@bde.es
 Ana Cuadros=cuadros@uji.es
 Gianluca Cubadda=gianluca.cubadda@uniroma2.it
 German Cubas=germancubas@gmail.com
 David Cuberes=d.cuberes@sheffield.ac.uk
 Jose Maria Cubillo=josemaria.cubillo@esic.edu
 Patricia Cubi-Molla=p.cubi-molla@city.ac.uk
 Robin Cubitt=robin.cubitt@nottingham.ac.uk
 Victor Cuchi=victorcuchiespada@yahoo.com
 Vincenzo Cuciniello=cuciniello@unisi.it
 Nevenka Cuckovic=nena@irmo.hr
 John T. Cuddington=jcudding@mines.edu
 Edgar Lawrence Cudmore=edgar.cudmore@fin.gc.ca
 Alvaro Cuervo-Cazurra=acuervo@moore.sc.edu
 Jose Cuesta=jcuesta@worldbank.org
 Juan Carlos Cuestas=j.cuestas@sheffield.ac.uk
 Begoña Cueto=bcueto@uniovi.es
 Diego C. Cueto=dcueto@esan.edu.pe
 Santiago Cueto=scueto@grade.org.pe
 Simon Cueva=simoncueva68@gmail.com
 Mario Cuevas=mcuevas@iadb.org
 Nadia Cuffaro=cuffaro@unicas.it
 Katherine Cuff=cuffk@mcmaster.ca
 Simone Maciel Cuiabano=scuiabana@hotmail.com
 Cathy Xin Cui=xin.cui@strath.ac.uk
 Jingbo Cui=jbcui2013@gmail.com
 Wei Cui=w.cui@ucl.ac.uk
 Xiaoyong Cui=cuixiaoyong@cufe.edu.cn
 Yuming Cui=cuiyuming88@googlemail.com
 Zhiwei Cui=zhiweicuisx@gmail.com
 Alex Cukierman=alexcuk@post.tau.ac.il
 Jacek Cukrowski=j.cukrowski@unido.org
 Julie Berry Cullen=jbcullen@ucsd.edu
 Astrid Cullmann=acullmann@diw.de
 Robert Cull=rcull@worldbank.org
 Anthony J. Culyer=tony.culyer@york.ac.uk
 Robert E. Cumby=cumbyr@georgetown.edu
 Douglas J. Cumming=dcumming@schulich.yorku.ca
 Jason Cummins=jason.cummins@brevanhoward.com
 John Cummins=cummins@wharton.upenn.edu
 Neil James Cummins=n.j.cummins@lse.ac.uk
 Juncal Cuñado=jcunado@unav.es
 Alejandro Cunat=alejandro.cunat@univie.ac.at
 Vicente Cuñat=v.cunat@lse.ac.uk
 Ekrem Cunedioglu=ekremcunedioglu@gmail.com
 Alexandre Mendes Cunha=alexandre@cedeplar.ufmg.br
 Mariana Cunha=macunha.phd@fep.up.pt
 Brendan Cunningham=bcunning@usna.edu
 Christopher R. Cunningham=chris.cunningham@atl.frb.org
 Kenda Jean Cunningham=k.cunningham@cgiar.org
 Rose M. Cunningham=rcunningham@bankofcanada.ca
 Rosemary Thomas Cunningham=rcunningham@agnesscott.edu
 Steven Ray Cunningham=steven.cunningham@aier.org
 Thomas E. Cunningham=tom.cunningham@gmail.com
 Thomas J. Cunningham=tom.cunningham@atl.frb.org
 Zane Cunska=zane@biceps.org
 Antoni Cunyat=antonio.cunat@uv.es
 César Medeiros Cupertino, Sr.=cupertino.cmc@gmail.com
 Sebastiano Cupertino=cupertino@unisi.it
 Milan Cupic=mcupic@kg.ac.rs
 Marcelo Curado=mcurado@ufpr.br
 Salvatore Curatolo=salvatore.curatolo@unipr.it
 Corentin Curchod=ccurchod@audencia.com
 Vasco Cúrdia=vasco.curdia@sf.frb.org
 Claudia Curi=claudia.curi@unibz.it
 Luis Currais=currais@udc.es
 Sergio Currarini=s.currarini@unive.it
 Carolyn Currie=carolynvcurrie@hotmail.com
 Janet Currie=jcurrie@princeton.edu
 Phil Curry=pacurry@uwaterloo.ca
 Richard Curtain=richard@curtain-consulting.net.au
 Ian Arthur Curtis=ian@curtisnra.com.au
 RODOLFO JOSÉ CURVO, Sr.=rodolfo.campos@cba.ifmt.edu.br
 Brian Cushing=brian.cushing@mail.wvu.edu
 David O. Cushman=cushmado@westminster.edu
 Augusto Cusinato=augusto.cusinato@iuav.it
 Giuseppe Cusin=gcusin@unive.it
 Lucia Cusmano=lucia.cusmano@unibocconi.it
 James Cust=jim.cust@economics.ox.ac.uk
 Joel Cutcher-Gershenfeld=joelcg@illinois.edu
 Marius Cutlac=cutlac@arc.ab.ca
 David M. Cutler=dcutler@harvard.edu
 Eleonora Cutrini=eleonora.cutrini@unimc.it
 Jaksa Cvitanic=cvitanic@hss.caltech.edu
 Tomas Cvrcek=tcvrcek@clemson.edu
 Marek Ćwiklicki=cwiklicm@uek.krakow.pl
 Musharraf Rasool Cyan=musharraf.cyan@gmail.com
 Philippe Cyrenne=p.cyrenne@uwinnipeg.ca
 Rubens Penha Cysne=rubens@fgv.br
 Mikolaj Czajkowski=miq@wne.uw.edu.pl
 Daniel Czamanski=danny@czamanski.com
 Pal Czegledi=pal.czegledi@econ.unideb.hu
 Adam Czerniak=adam.czerniak@gmail.com
 Leszek Czerwonka=leszek.czerwonka@ug.edu.pl
 Alejo Eduardo Czerwonko=aec2156@columbia.edu
 Robert Czudaj=robert.czudaj@uni-due.de
