Name,Email-1,Email-2,Email-3,Email-4,Email-5,Email-6,Email-7
"Zagler, Martin",martin.zagler@gmail.com,martin.zagler@gmail.com,,,,,
"Wilson, John S.",jswilson@worldbank.org,,,,,,
"Langli, John C.",john.c.langli@bi.no,,,,,,
"Katz, Lawrence F.",lkatz@harvard.edu,katz@nber.org,,,,,
"Salmon, Mark H.",markhsalmon@gmail.com,,,,,,
"Conrad, Christian",christian.conrad@awi.uni-heidelberg.de,,,,,,
"Sarangi, Sudipta",sarangi@lsu.edu,,,,,,
"Satchell, Stephen E.",steve.satchell@econ.cam.ac.uk,,,,,,
"Ahn, Sanghoon",ahn@ier.hit-u.ac.jp,,,,,,
"Grund, Christian",christian.grund@rwth-aachen.de,,,,,,
"Brandt, Loren",brandt@chass.utoronto.ca,brandt@chass.utoronto.ca,,,,,
"Jorgenson , Dale W.",djorgenson@harvard.edu,,,,,,
"Lemoine, Derek",dlemoine@email.arizona.edu,,,,,,
"Walsh, Patrick M.",patrickwalsh2001@yahoo.com,,,,,,
"Ponds, Eduard H.",eduard.ponds@apg.nl,eduard.ponds@apg.nl,,,,,
"Eijffinger, Sylvester C.",s.c.w.eijffinger@uvt.nl,,,,,,
"Kovenock, Dan J.",kovenock@chapman.edu,,,,,,
"Smith, James P.",james_smith@rand.org,,,,,,
"Vuillemey, Guillaume",guillaume.vuillemey@gmail.com,,,,,,
"Nicodano, Giovanna",giovanna.nicodano@unito.it,giovanna.nicodano@carloalberto.org,,,,,
"Mulligan, Casey B.",c-mulligan@uchicago.edu,,,,,,
"Carrillo, Paul E.",pcarrill@gwu.edu,,,,,,
"Rodriguez, Juan C.",j.c.rodriguez@uvt.nl,,,,,,
"Vitaliano, Donald F.",vitald@rpi.edu,,,,,,
"Kim, Jin-Hyuk",jinhyuk.kim@colorado.edu,,,,,,
"Bosworth, Barry",bbosworth@brookings.edu,,,,,,
"Mogstad, Magne",mmo@ssb.no,,,,,,
"Francesconi, Marco",mfranc@essex.ac.uk,,,,,,
"Warshawsky, Mark J.",mark.warshawsky@watsonwyatt.com,,,,,,
"Filmer, Deon",dfilmer@worldbank.org,,,,,,
"Montiel, Peter J.",peter.j.montiel@williams.edu,,,,,,
"Weisman, Dennis",weisman@ksu.edu,,,,,,
"Huang, Rongbing",rhuang1@kennesaw.edu,,,,,,
"Weaver, Daniel G.",daniel_weaver@rbsmail.rutgers.edu,,,,,,
"Korinek, Anton",anton@korinek.com,anton@korinek.com,,,,,
"Fernández Rodríguez, Fernando",fernando@empresariales.ulpgc.es,,,,,,
"Grochulski, Borys",borys@econ.umn.edu,borys.grochulski@rich.frb.org,,,,,
"Chen, Yu-Chin",yuchin@u.washington.edu,,,,,,
"Ueda, Kazuo",ueda@e.u-tokyo.ac.jp,,,,,,
"Prato, Carlo",pratino@gmail.com,pratino@gmail.com,,,,,
"Venturini, Francesco",francesco.venturini@unipg.it,francesco.venturini@unipg.it,,,,,
"Ibragimov, Rauf",ibrauf@rambler.ru,,,,,,
"Kuznetsov, Alexey",kuznetsov_alexei@mail.ru,,,,,,
"Smart, Michael",msmart@chass.utoronto.ca,,,,,,
"Giulietti, Corrado",cg204@soton.ac.uk,,,,,,
"Lyons, Richard K.",lyons@haas.berkeley.edu,,,,,,
"Zhang, Jun",junzh_2000@fudan.edu.cn,,,,,,
"Mayer, Janos",janos.mayer@business.uzh.ch,,,,,,
"Burnside, A. Craig",burnside@econ.duke.edu,,,,,,
"Cockburn, John",jcoc@ecn.ulaval.ca,jcoc@ecn.ulaval.ca,jcoc@ecn.ulaval.ca,,,,
"Anderson, Robert M.",anderson@econ.berkeley.edu,,,,,,
"Smith, Ron P.",r.smith@bbk.ac.uk,,,,,,
"Dewachter, Hans",hans.dewachter@econ.kuleuven.ac.be,,,,,,
"Bailey, James B.",jamesbailey@creighton.edu,jbailey@temple.edu,,,,,
"Wagner, Joachim",wagner@uni-lueneburg.de,wagner@uni-lueneburg.de,,,,,
"Pacho, Wojciech",w.pacho1@upcpoczta.pl,,,,,,
"Bhaskarabhatla, Ajay",bhaskarabhatla@ese.eur.nl,bhaskarabhatla@ese.eur.nl,,,,,
"Osti, Linda",linda.osti@unibz.it,,,,,,
"Roubini, Nouriel",nroubini@stern.nyu.edu,,,,,,
"Shoven, John B.",shoven@stanford.edu,,,,,,
"Löffler, Gunter",loeffler@mathematik.uni-ulm.de,,,,,,
"Huang, Rong",email.huangrong@gmail.com,,,,,,
"Weidenmier, Marc D.",mweidenmier@mckenna.edu,,,,,,
"Pick, Andreas",andreas.pick@lycos.com,andreas.pick@lycos.com,,,,,
"Bhaumik, Sumon K.",s.bhaumik@aston.ac.uk,sumon.bhaumik@brunel.ac.uk,,,,,
"Currarini, Sergio",sc526@le.ac.uk,s.currarini@unive.it,,,,,
"Marcellino, Massimiliano",massimiliano.marcellino@eui.eu,massimiliano.marcellino@eui.eu,massimiliano.marcellino@eui.eu,massimiliano.marcellino@eui.eu,,,
"Bajo, Emanuele",emanuele.bajo@unibo.it,,,,,,
"Turner, John R.",turner@few.eur.nl,,,,,,
"Özak, Ömer",ozak@smu.edu,,,,,,
"Fox, Edward G.",edfox@umich.edu,,,,,,
"Sanchez-Gutierrez, Jose",jsanchez0202@hotmail.com,,,,,,
"Klasen, Stephan",sklasen@uni-goettingen.de,,,,,,
"Samà, Danilo",ds@danilosama.com,ds@danilosama.com,ds@danilosama.com,ds@danilosama.com,ds@danilosama.com,ds@danilosama.com,ds@danilosama.com
"Stentoft, Lars",lars.stentoft@uwo.ca,lars.stentoft@hec.ca,,,,,
"Cherkes, Martin",mc2797@columbia.edu,mc2797@columbia.edu,mc2797@columbia.edu,,,,
"Calvano, Emilio",emilio.calvano@gmail.com,,,,,,
"Girma, Sourafel",sourafel.girma@nottingham.ac.uk,,,,,,
"Necula, Ciprian",ciprian.necula@fin.ase.ro,,,,,,
"Adekile, Kemi M.",kemiadekile@yahoo.com,,,,,,
"Tan, Chih Ming",chihmingtan@gmail.com,,,,,,
"Patuelli, Roberto",roberto.patuelli@unibo.it,,,,,,
"Martin, Will",wmartin1@worldbank.org,wmartin1@worldbank.org,,,,,
"Okediji, Ruth",rokediji@umn.edu,,,,,,
"Koop, Gary",gary.koop@strath.ac.uk,,,,,,
"Engel, Charles M.",cengel@ssc.wisc.edu,,,,,,
"Scheufen, Marc",marc.scheufen@ile-graduateschool.de,,,,,,
"Sicherman, Nachum",ns38@columbia.edu,,,,,,
"Molinari, Francesca",fm72@cornell.edu,,,,,,
"Barunik, Jozef",barunik@fsv.cuni.cz,barunik@fsv.cuni.cz,,,,,
"Batta, George E.",george.batta@cmc.edu,,,,,,
"Lambertini, Luca",lamberti@spbo.unibo.it,,,,,,
"Padovani, Emanuele",emanuele.padovani@unibo.it,,,,,,
"Rombouts, J. V. K.",jeroen.rombouts@hec.ca,rombouts@core.ucl.ac.be,jeroen.rombouts@hec.ca,jeroen.rombouts@hec.ca,,,
"Coates, Dennis",coates@umbc.edu,,,,,,
"Sebehela, Tumellano",tsebehela@yahoo.co.uk,,,,,,
"Mustard, David B.",mustard@terry.uga.edu,,,,,,
"Lechner, Michael",michael.lechner@unisg.ch,,,,,,
