Name,Email-1,Email-2,Email-3
"Akiyama, Eizo",eizo@sk.tsukuba.ac.jp,,
"Zimmer, Jochen",jzimmer@wiwi.uni-frankfurt.de,,
"Wilson, John K.",john.k.wilson@unisa.edu.au,,
"Jones, John Bailey B.",jbjones@albany.edu,,
"Schwebach, Robert G.",robs@lamar.colostate.edu,,
"Lewin, David",david.lewin@anderson.ucla.edu,,
"Sathye, Milind",milind.sathye@canberra.edu.au,,
"Wertenbroch, Klaus",klaus.wertenbroch@insead.edu,,
"Chase, Bruce W.",bchase@radford.edu,,
"Parkman, Ian D.",parkman@up.edu,,
"Dunlap, Denise R.",d.dunlap@neu.edu,,
"Tanggaard, Carsten",carsten@tanggaard.com,,
"Hwang, Woonam",whwang.phd2009@london.edu,,
"Kim, Antino",antino@uw.edu,,
"Thorne, Linda",lthorne@schulich.yorku.ca,,
"Simmons, Christopher",cjsimmons@cba.ua.edu,,
"Tan, David",davidtan@uw.edu,,
"Jafarnejad, Ahmad",jafar-nejad@ut.ac.ir,,
"Latsis, John",j.s.latsis@reading.ac.uk,j.s.latsis@reading.ac.uk,
"Liu, Chi-Chun",ccliu@management.ntu.edu.tw,,
"Smit, Willem",willem.smit@imd.ch,,
"Dellaportas, Petros",petros@aueb.gr,,
"Sandal, Leif K.",leif.sandal@nhh.no,,
"Wauters, Marjan",marjan.wauters@kuleuven.be,,
"Erev, Ido",erev@tx.technion.ac.il,,
"Panagiotis, Arsenos",parsenos@gmail.com,,
"Baucells, Manel",baucells@rand.org,baucells@rand.org,
"Tian, Gao-Liang",tian-gl@mail.xjtu.edu.cn,,
"Hamilton, Rebecca",rhamilto@rhsmith.umd.edu,,
"Cinquini, Lino",l.cinquini@sssup.it,,
"Pouliakas, Kostas",k.pouliakas@abdn.ac.uk,,
"Rigamonti, Silvia",silvia.rigamonti@unicatt.it,,
"Fisher, Robert",rfisher1@ualberta.ca,,
"Iacopetta, Maurizio",maurizio.iacopetta@sciences-po.org,,
"Oesch, John M.",oesch@rotman.utoronto.ca,,
"Harris, David E.",dharris1@mix.wvu.edu,,
"Lam, Swee Sum",bizlamss@nus.edu.sg,,
"Zou, Xi (Canny)",czou@london.edu,,
"Venkatesh, S.",svenkat@iimb.ernet.in,,
"Wiltermuth, Scott S.",wiltermu@marshall.usc.edu,,
"Thiengtham, Dolruedee",dthiengt@jmsb.concordia.ca,,
"Johansen, Svein T.",svein.johansen@hih.no,,
"Penno, Mark C.",mark-penno@uiowa.edu,,
"Zhang, Xu",xuzhang@umac.mo,,
"Olekalns, Mara",m.olekalns@mbs.edu,,
"Reiner, Uwe",uwe.reiner@wi.tum.de,,
"Kusumastuti, Ratih D.",ratih.irzan@gmail.com,,
"Satterthwaite, Mark A.",m-satterthwaite@northwestern.edu,,
"Davidsson, Per",per.davidsson@qut.edu.au,,
"Kohn, Robert",r.kohn@unsw.edu.au,,
"Hutagaol, Yanthi",y.hutagaol@gmail.com,,
"Fang, Victor",victor.fang@buseco.monash.edu.au,,
"Zhang, Changhao",changhao@nus.edu.sg,,
"Wilken, Robert",robert.wilken@escpeurope.de,,
"Lee, Ju-Ho",jhl@kdischool.ac.kr,,
"Thompson, Peter",peter.thompson@emory.edu,peter.thompson@emory.edu,
"Del Viva, Luca",luca.delviva@esade.edu,,
"Smeekes, Stephan",s.smeekes@maastrichtuniversity.nl,,
"McNally, William J.",wmcnally@wlu.ca,,
"Tuor Sartore, Simone N.",simone.tuor@business.uzh.ch,,
"Currie, Russell R.",rcurrie@tru.ca,,
"Sakurai, Yuji",sndtg090@yahoo.co.jp,,
"Krishnamurti, Chandrasekhar",ackrishna@ntu.edu.sg,,
"Lin, Chen-Hsien",jim_lin_2003@hotmail.com,,
"Mehta, Atul",f11atulm@iimidr.ac.in,,
"Jeong, Hyeok",hyeokj@gmail.com,,
"Mandal, Anandadeep",anandadeep2003@yahoo.co.in,,
"Hach, Daniel",daniel.hach@whu.edu,,
"Sinai, Todd M.",sinai@wharton.upenn.edu,,
"Luo, Juan",jane.luo@adelaide.edu.au,,
"Sinha, Avik",f11aviks@iimidr.ac.in,,
"Weller, Penelope J.",penelopejune.weller@rmit.edu.au,penny.weller@law.monash.edu.au,
"Franco, April",april.franco@rotman.utoronto.ca,april.franco@rotman.utoronto.ca,
"d'Arcy, Anne",anne.darcy@wu.ac.at,,
"Machado, Nuno M.",nuno.cocas.machado@gmail.com,,
"Portela de Lima Rodrigues, Lúcia M.",lrodrigues@eeg.uminho.pt,,
"Haislip, Jacob",jhaislip@binghamton.edu,,
"Majoch, Arleta",a.majoch@icmacentre.ac.uk,,
"Sawhney, Mohanbir",mohans@kellogg.northwestern.edu,,
"Raaballe, Johannes",jraaballe@econ.au.dk,,
"Huang, Peggy",peggy.huang@tulane.edu,,
"Gómez-Puig, Marta",marta.gomezpuig@ub.edu,,
"DiMatteo, Larry A.",larry.dimatteo@cba.ufl.edu,,
"Khandelwal, Amit K.",ak2796@columbia.edu,ak2796@columbia.edu,ak2796@columbia.edu
"Mitchell, Daniel J.",daniel.j.b.mitchell@anderson.ucla.edu,,
"Lahr, Henry",henry.lahr@open.ac.uk,h.lahr@cbr.cam.ac.uk,
"Harding, Maebh",maebh.harding@port.ac.uk,,
"Nguyen, Huong D.",hnguyen3@imf.org,,
"Masoumi, Amir H.",amasoumi@som.umass.edu,,
"Wood, Geoffrey",g.t.wood@shef.ac.uk,,
"Guisinger, Stephen",steveg@utdallas.edu,,
"Pisinger, David",dapi@dtu.dk,,
"Secomandi, Nicola",ns7@andrew.cmu.edu,,
"Jamasb, Tooraj",tooraj.jamasb@econ.cam.ac.uk,,
"Nam, Il-Chong",icnam@kdischool.ac.kr,,
"Cullen, Grant S.",g.cullen@murdoch.edu.au,,
"Gruen, Thomas W.",tgruen@uccs.edu,,
"Sivadasan, Padmakumar",ambikapaddy@gmail.com,,
"Sarwar, G",g.sarwar@greenwich.ac.uk,,
"Joaquin, Domingo",dcjoaqu@ilstu.edu,,
