Name,Email-1,Email-2,Email-3,Email-4
"Jayaraman, Rajshri",jayaraman@esmt.org,,,
"Akber, Ushna",ushna.k.l@gmail.com,ushna.k.l@gmail.com,,
"Anderson, John L.",john.anderson@newcastle.edu.au,,,
"Wheatley, Clark M.",wheatley@fiu.edu,,,
"Ng, Jeff",jeffng@cuhk.edu.hk,,,
"Greve, Goetz",goetz.greve@hsba.de,,,
"Avkiran, Necmi",n.avkiran@business.uq.edu.au,n.avkiran@business.uq.edu.au,,
"Singh, Jasjit",jasjit.singh@insead.edu,,,
"Čater, Tomaž",tomaz.cater@ef.uni-lj.si,,,
"Tan, Jonathan H.",jonathan.tan@nottingham.ac.uk,,,
"Kozhikode, Rajiv Krishnan",rajiv_kozhikode@sfu.ca,,,
"Wolf, Nikolaus",nikolaus.wolf@wiwi.hu-berlin.de,nikolaus.wolf@wiwi.hu-berlin.de,nikolaus.wolf@wiwi.hu-berlin.de,nikolaus.wolf@wiwi.hu-berlin.de
"Pakizeh, Kamran",k.pakizeh@ses.ac.ir,,,
"Manigart, Sophie",sophie.manigart@vlerick.be,sophie.manigart@vlerick.be,,
"Zhang, Hongtao",imhzhang@ust.hk,,,
"Buuse, Daniel v.",d.j.h.m.vandenbuuse@uva.nl,,,
"Pyun, Lynn",lpyun@hbs.edu,,,
"McNelis, Paul D.",mcnelis@fordham.edu,,,
"Hanley, Aoife",aoife.hanley@nottingham.ac.uk,,,
"Ales, Laurence",ales@cmu.edu,,,
"Tewari, Ishani",ishani.tewari@yale.edu,,,
"Shehata, Mohamed",shehata@mcmaster.ca,,,
"Cooperman, Elizabeth S.",elizabeth.cooperman@ucdenver.edu,,,
"Steiner, Susan",ssteiner@ut.edu,,,
"Welzel, Peter",peter.welzel@wiwi.uni-augsburg.de,,,
"Galariotis, Emilios C.",egalariotis@audencia.com,,,
"Mistry, Jamshed J.",jmistry@suffolk.edu,,,
"Wang, Yajun",ywang22@rhsmith.umd.edu,,,
"Branson, Bruce C.",bruce_branson@ncsu.edu,,,
"Lam, Kevin",kevinl@baf.msmail.cuhk.edu.hk,,,
"Hua, Wang",william-hua.wang@euromed-marseille.com,,,
"Rabinovitch, Ramon",ramon@uh.edu,,,
"Campbell, Kevin",kevin.campbell@stirling.ac.uk,,,
"Lu, Sa",s.lu@ismacentre.rdg.ac.uk,,,
"Cao, Sean S.",seancao824@gmail.com,,,
"Darke, Peter R.",peter.darke@commerce.ubc.ca,,,
"Mandell, Lewis",lewm@buffalo.edu,,,
"Theodossiou, Ioannis",theod@abdn.ac.uk,,,
"Argyres, Nicholas S.",nargyres@bu.edu,,,
"Gregoric, Aleksandra",agr.int@cbs.dk,,,
"Belk, Russell W.",mktrwb@business.utah.edu,,,
"Pervaiz, Zahid",ecozahid@yahoo.com,,,
"Bugeja, Martin",martinbugeja@uts.edu.au,,,
"Pappas, Scott N.",s.pappas@griffith.edu.au,,,
"Volosovych, Vadym",volosovych@ese.eur.nl,,,
"Di Guilmi, Corrado",corrado.diguilmi@uts.edu.au,,,
"Dong, June",dong@oswego.edu,,,
"Jalan, Akanksha",akankshaj10@iimb.ernet.in,,,
"Ghalib, Asad K.",asad@bcs.org.uk,asad@bcs.org.uk,,
"Uebelmesser, Silke",silke.uebelmesser@uni-jena.de,,,
"Wetzel, Jake",jake_wetzel@mac.com,,,
"Lei, Li",mzcytss@163.com,,,
"Brown, David T.",david.brown@cba.ufl.edu,,,
"Liu, Jie",liuj.10@sem.tsinghua.edu.cn,,,
"Pagano, Anthony",amp@uic.edu,,,
"Vadilyev, Alexander A.",vadilyev@yahoo.com,,,
"Cooper, Kathleen",cooperk@cobaf.coba.unt.edu,,,
"Chen, Jianguo",j.g.chen@massey.ac.nz,,,
"Olson, Gerard T.",gerard.olson@villanova.edu,,,
"Poncet, Patrice",poncet@essec.fr,patrice.poncet4@wanadoo.fr,,
"Zamudio, Cesar",czamudi1@kent.edu,,,
"Saral, Krista J.",kristajabs@yahoo.com,,,
"Xiong, Yanyan",sunnyxiongyy@yahoo.com.hk,,,
"Barber, Matthew",matthew.barber@aut.ac.nz,,,
"Lenglet, Marc",marclenglet@ebs-paris.com,,,
"Cueni, Reto",reto.cueni@econ.uzh.ch,,,
"Engelmann, Jan",jan.engelmann@econ.uzh.ch,,,
"Ghosal, Sayantan",sayantan.ghosal@glasgow.ac.uk,,,
"Wang, Zheng",efzwang@cityu.edu.hk,,,
"Segaric, Klaudio",klaudio.segaric@gmail.com,,,
"Bhandary, Leeladhara M.",leelubm@gmail.com,,,
"Giaglis, George",giaglis@aueb.gr,,,
"Vitalis, Adam",adam.vitalis@scheller.gatech.edu,,,
"Karabarbounis, Loukas",loukas.karabarbounis@chicagobooth.edu,loukas.karabarbounis@chicagobooth.edu,,
"Kotosaka, Masahiro",masahiro.kotosaka@merton.ox.ac.uk,masahiro.kotosaka@merton.ox.ac.uk,,
"Beil, Damian R.",dbeil@umich.edu,,,
"Zhu, Ying",y.zhu@unimelb.edu.au,,,
"Angelopoulos, Georgios",gaggelop@aueb.gr,,,
"Niessner, Marina",marina.niessner@yale.edu,,,
"Twyman, Nathan",nwt611@gmail.com,,,
"Price, David",david.price@henley.ac.uk,,,
"Sumner, Steven",sumner@sandiego.edu,,,
"Lorenz, Annika",annika.lorenz@tu-berlin.de,,,
"de Grip, Andries",a.degrip@roa.unimaas.nl,,,
"Boeing, Philipp S.",boeing.philipp@googlemail.com,,,
"Zhang, Wei",weizhangucb@gmail.com,,,
"Robertson, Diana",roberts@wharton.upenn.edu,,,
"Thomas, Catherine",cmt2122@columbia.edu,,,
"Tuck, Penelope",p.a.l.tuck@bham.ac.uk,,,
"Begley, Joy",joy.begley@sauder.ubc.ca,,,
"Mowery, David C.",mowery@haas.berkeley.edu,,,
"Zhu, Shuang",shuangzhu@ksu.edu,,,
"Smid, Peter P.",p.p.m.smid@eco.rug.nl,,,
"Richard, Scott F.",scottri@wharton.upenn.edu,,,
"Mehta, Shailendra R.",shailendra@iimahd.ernet.in,,,
"Goldenberg, Jacob",jg2477@columbia.edu,,,
"Crews, Derek E.",dcrews@twu.edu,,,
