Name,Email-1,Email-2,Email-3,Email-4
"Asquer, A.",alberto@asquer.com,aasquer@unica.it,,
"Wang, Dechun",dwang@mays.tamu.edu,,,
"Lewis, Craig M.",craig.lewis@owen.vanderbilt.edu,,,
"Wilde, Jaron H.",jaron-wilde@uiowa.edu,,,
"Nagle, Frank",fnagle@hbs.edu,,,
"Hayo, Bernd",hayo@wiwi.uni-marburg.de,,,
"Shu, Suzanne B.",suzanne.shu@anderson.ucla.edu,,,
"Guo, Hui",hui.guo@uc.edu,,,
"Patterson, Anthony",a.patterson@liv.ac.uk,,,
"Jostova, Gergana",jostova@gwu.edu,,,
"Veeraraghavan, Madhu",madhuveeraraghavan@tapmi.edu.in,,,
"Haiss, Peter R.",peter.haiss@wu-wien.ac.at,peter.haiss@unicreditgroup.at,,
"Anagol, Santosh",anagol@wharton.upenn.edu,,,
"Schwalbe, Ulrich",ulrich.schwalbe@uni-hohenheim.de,,,
"Ilias, Azleen",azleens@uniten.edu.my,,,
"Roberts, Edward B.",eroberts@mit.edu,,,
"Krever, Richard",rkrever@gmail.com,,,
"Grenier, Jonathan H.",greniejh@miamioh.edu,,,
"Naylor, Rebecca W.",naylor_53@fisher.osu.edu,,,
"Jackson, Andrew B.",a.b.jackson@unsw.edu.au,,,
"Kumar, Raj",rajkumar_bhu@rediffmail.com,,,
"Sahut, Jean-Michel",jmsahut@gmail.com,,,
"Cao, Ying",yingcao@cuhk.edu.hk,,,
"Roth, Lukas",lukas.roth@ualberta.ca,,,
"Isakov , Dušan",dusan.isakov@unifr.ch,,,
"Boyle, Phelim P.",pboyle@wlu.ca,,,
"Meesters, Aljar",a.j.meesters@rug.nl,,,
"Pennacchi, George G.",gpennacc@illinois.edu,,,
"Ramalingegowda, Santhosh",smr@terry.uga.edu,,,
"Zhang, Guochang",acgzhang@ust.hk,,,
"Bresnahan, Timothy F.",timothy.bresnahan@stanford.edu,tbres@stanford.edu,,
"Parzen , Michael I.",michael_parzen@bus.emory.edu,,,
"Mulherin, J. H.",mulherin@uga.edu,,,
"Zein, Jason",j.zein@unsw.edu.au,,,
"Harhoff, Dietmar",dietmar.harhoff@ip.mpg.de,harhoff@bwl.uni-muenchen.de,,
"Lasfer, Meziane",m.a.lasfer@city.ac.uk,,,
"Caporale, Guglielmo M.",maria.caporale@brunel.ac.uk,,,
"Gong, Guojin",gug3@psu.edu,,,
"Henrich, Joe",joseph.henrich@gmail.com,,,
"Alam, Pervaiz",palam@kent.edu,,,
"Thorp, Susan",susan.thorp@uts.edu.au,,,
"Puri, Poonam",ppuri@osgoode.yorku.ca,ppuri@osgoode.yorku.ca,,
"Biffis, Enrico",e.biffis@imperial.ac.uk,,,
"Sharma, Divesh S.",dsharma2@kennesaw.edu,,,
"Morley, James",james.morley@unsw.edu.au,,,
"Smith, Malcolm",malcolm.smith@ecu.edu.au,,,
"Jones, Geoffrey G.",gjones@hbs.edu,,,
"Amoo, Taiwo",tamoo@optonline.net,,,
"Corrado, Charles J.",corrado@deakin.edu.au,,,
"Moenninghoff, Sebastian C.",sebastian.moenninghoff@whu.edu,,,
"Botosan, Christine A.",actcb@business.utah.edu,,,
"Horton, John J.",john.joseph.horton@gmail.com,,,
"Izhakian, Yehuda (Yud)",yud@stern.nyu.edu,,,
"Narayanamoorthy, Ganapathi S.",gnarayan@tulane.edu,,,
"Smith, Kevin R.",ksmith@uvu.edu,,,
"Di Maggio, Marco",md3226@columbia.edu,,,
"Kuo, Weiyu",wkuo@nccu.edu.tw,,,
"Jaggi, Bikki",jaggi@business.rutgers.edu,,,
"Israeli, Doron",israelid@idc.ac.il,,,
"Chan, Jiun Hong",jiunhong@hotmail.com,,,
"Kumar, Vikas",v.kumar@econ.usyd.edu.au,,,
"Pasiouras, Fotios",f.pasiouras@surrey.ac.uk,pasiouras@dpem.tuc.gr,f.pasiouras@bath.ac.uk,
"Mensah, Yaw M.",mensah@business.rutgers.edu,,,
"Selto, Frank H.",frank.selto@colorado.edu,,,
"Rock, Steve K.",steven.rock@colorado.edu,,,
"McGraw, A. Peter",peter.mcgraw@colorado.edu,,,
"Moorthi, Y.L.R.",ylrm@iimb.ernet.in,,,
"Zamin Abbas, Rana",zamin.abbas@umt.edu.pk,,,
"Srinidhi, Bin",bin.srinidhi@gmail.com,,,
"Sherman, Ann E.",ann.sherman@depaul.edu,,,
"Vorkink, Keith",kpv3@email.byu.edu,,,
"Phillips, Peter J.",phillipsp@usq.edu.au,,,
"Schultze, Wolfgang",wolfgang.schultze@wiwi.uni-augsburg.de,,,
"Culp, Christopher L.",cculp@compasslexecon.com,cculp@rmcsinc.com,cculp@rmcsinc.com,christopher.culp@ifm.unibe.ch
"Bailey, Warren B.",wbb1@cornell.edu,,,
"Stokes, Donald",donald.stokes@buseco.monash.edu.au,,,
"Sapar, Narayan R.",narayan@som.iitb.ac.in,,,
"Tsakumis, George T.",georget@udel.edu,,,
"Sun, Lili",lili.sun@unt.edu,,,
"Webb, Ryan",ryan.webb@utoronto.ca,,,
