Name,Email-1,Email-2,Email-3
"Lind, Mary R.",lindm@ncat.edu,,
"Welsh, Michelle A.",michelle.welsh@buseco.monash.edu.au,,
"Song, Weihong",weihong.song@uc.edu,,
"Naiker, Vic",vic.naiker@monash.edu,,
"Yu, Yangxin",yu.yangxin@hotmail.com,,
"Lando, David",dl.fi@cbs.dk,,
"Linn, Scott C.",slinn@ou.edu,,
"Goodacre, Alan",alan.goodacre@stir.ac.uk,,
"Cheng, H. K.",hkcheng@ufl.edu,,
"Fuerman, Ross D.",rfuerman@aol.com,,
"Shive, Sophie",sshive1@nd.edu,,
"Gylfason, Thorvaldur",gylfason@hi.is,,
"Dhar, Vasant",vdhar@stern.nyu.edu,,
"Bonsall, Samuel B.",bonsall_2@fisher.osu.edu,,
"Buick, Fiona",fiona.buick@canberra.edu.au,,
"Damien, Paul",paul.damien@mccombs.utexas.edu,,
"Hvidkjaer, Soeren",sh.fi@cbs.dk,,
"Shastri, Trimbak",trim.shastri@louisville.edu,,
"Stober, Thomas L.",stober.1@nd.edu,,
"Marston, Richard C.",marstonr@wharton.upenn.edu,,
"Masset, Philippe",philippe.masset@ehl.ch,philippe.masset@unifr.ch,
"Dawid, Herbert",hdawid@wiwi.uni-bielefeld.de,hdawid@wiwi.uni-bielefeld.de,
"Bertoni, Michele",michele.bertoni@econ.units.it,,
"Gopal, Ram D.",ram@business.uconn.edu,,
"Goldfarb, Brent D.",bgoldfarb@rhsmith.umd.edu,,
"Lucchi, Nicola",nicola.lucchi@jibs.hj.se,lcn@unife.it,nicola.lucchi@uclouvain.be
"Nisa, Syeedun",syeedunsyd@rediffmail.com,,
"Clarke, George",george.clarke@tamiu.edu,,
"Butala, Amy",abutala@emich.edu,,
"McMahon, Joe",joseph.mcmahon@ucd.ie,,
"Markarian, Garen",garen.markarian@ie.edu,garen.b.markarian@rice.edu,
"Gupta, Nandini",nagupta@indiana.edu,,
"Peress, Joel",joel.peress@insead.edu,,
"Chemla, Gilles",g.chemla@imperial.ac.uk,,
"Detzel, Andrew L.",adetzel@uw.edu,,
"Levenstein, Margaret C.",maggiel@umich.edu,,
"Federgruen, Awi",af7@columbia.edu,,
"Groysberg, Boris",bgroysberg@hbs.edu,,
"Begley, Taylor A.",tbegley@london.edu,,
"Cassar, Gavin",gavin.cassar@insead.edu,,
"Khan, Zafar U.",zkhan@emich.edu,,
"Potì, Valerio",valeriopoti@gmail.com,valerio.poti@dcu.ie,
"Mandelbrot, Benoit B.",fractal@watson.ibm.com,fractal@watson.ibm.com,
"Ireland, R. Duane",direland@mays.tamu.edu,,
"Lin, Haizhen",hzlin@indiana.edu,,
"Musto, David K.",musto@wharton.upenn.edu,,
"Maksymov, Eldar M.",eldar.maksymov@asu.edu,,
"Nardari, Federico",federico.nardari@unimelb.edu.au,,
"Stegemoller, Mike A.",michael_stegemoller@baylor.edu,,
"Yin, Pai-Ling",pyin@mit.edu,,
"Dang, Li",li.dang@bus.oregonstate.edu,,
"Moehrle, Stephen R.",moehrle@umsl.edu,,
"Johnson, Garrett A.",garrett.johnson@simon.rochester.edu,,
"Carvalho, Daniel R.",daniel.carvalho@marshall.usc.edu,,
"Perry, Tod",rtperry@iupui.edu,,
"Worthington, Andrew C.",a.worthington@griffith.edu.au,,
"Dutta, Sunil",dutta@haas.berkeley.edu,,
"Beever, Allan",ad.beever@yahoo.co.nz,,
"Park, Young-Hoon",yp34@cornell.edu,,
"Sutter, Matthias",matthias.sutter@uibk.ac.at,matthias.sutter@uibk.ac.at,
"Wen, Quan",quan.wen@georgetown.edu,,
"Bernard, Andrew B.",andrew.b.bernard@dartmouth.edu,andrew.b.bernard@dartmouth.edu,
"Labianca, Giuseppe (.",joelabianca@gmail.com,,
"Manimala, Mathew J.",manimala@iimb.ernet.in,,
"Singh, Rajdeep",rajsingh@tc.umn.edu,,
"Ruf, Martin",martin.ruf@uni-tuebingen.de,,
"Ruddock, Caitlin M.",c.ruddock@unsw.edu.au,,
"Li, Donghui",donghui@unsw.edu.au,,
"Spierdijk, Laura",l.spierdijk@rug.nl,,
"Madhok, Anoop",amadhok@schulich.yorku.ca,,
"Pandey, Ajay",apandey@iimahd.ernet.in,,
"Wilson, Nick",nw@lubs.leeds.ac.uk,,
"Parwada, Jerry T.",j.parwada@unsw.edu.au,j.parwada@unsw.edu.au,
"Marinesi, Simone",simone.marinesi@insead.edu,,
"Manso, Gustavo",manso@haas.berkeley.edu,,
