Name,Email-1,Email-2,Email-3
"Savickas, Robert",savickas@gwu.edu,,
"Liu, Qiao",qliu@hku.hk,qiao_liu@gsm.pku.edu.cn,
"Kim, Gi",gi.kim@wbs.ac.uk,,
"Lynch , Anthony W.",alynch@stern.nyu.edu,alynch@stern.nyu.edu,
"Seiler, Michael J.",dr.michaeljseiler@gmail.com,,
"Chiaburu, Dan S.",dchiaburu@mays.tamu.edu,,
"Levin, David",dalevin@wharton.upenn.edu,,
"Bishara, Norman",nbishara@bus.umich.edu,,
"Croux, Christophe",christopher.croux@econ.kuleuven.be,,
"Bredin, Don",don.bredin@ucd.ie,,
"Panopoulou, Ekaterini",a.panopoulou@kent.ac.uk,apano@unipi.gr,
"Elfenbein, Daniel W.",elfenbein@wustl.edu,,
"Pawlina, Grzegorz",g.pawlina@lancaster.ac.uk,,
"Becher, David A.",becher@drexel.edu,,
"Bao, Jack",bao_40@fisher.osu.edu,,
"Xu, Zhaoxia",zhaoxiaxu@nyu.edu,,
"Samples, Tim R.",tim.r.samples@gmail.com,,
"Santugini, Marc",marc.santugini@hec.ca,marc.santugini@hec.ca,
"Schularick, Moritz",moritz.schularick@fu-berlin.de,,
"Gerken, William C.",will.gerken@gmail.com,,
"Levi, Shai",shailevi@post.tau.ac.il,,
"Leibrecht, Markus",markus.leibrecht@wu-wien.ac.at,,
"Borgatti, Steve",steve.borgatti@gmail.com,steve.borgatti@gmail.com,
"Bulow, Jeremy",jbulow@stanford.edu,,
"McCulloch, Robert E.",robert.mcculloch@gsb.uchicago.edu,,
"Bardhan, Indranil",bardhan@utdallas.edu,,
"Cohen-Eliya, Moshe",mcohen@clb.ac.il,mcohen@clb.ac.il,
"Ho, Teck",hoteck@haas.berkeley.edu,,
"Hsieh, Jim",jhsieh@gmu.edu,,
"Jagannathan, Murali",muralij@binghamton.edu,,
"Beardsell, Dr Julie",julie_beardsell@hotmail.com,,
"Nasrum, Muhammad",nasantrop@yahoo.com,,
"Suarez, Fernando F.",fsuarez@bu.edu,,
"Eisl, Alexander",alexander.eisl@wu.ac.at,,
"Skoulakis, Georgios",georgios.skoulakis@sauder.ubc.ca,,
"Gibson, Cyrus F.",cgibson@mit.edu,,
"Harris, Jared D.",harrisj@darden.virginia.edu,,
"Wen, Xiaoyan",xwen@uic.edu,,
"Jacobs, Jan P.",j.p.a.m.jacobs@rug.nl,,
"Park, Kyung Suh",kspark@korea.ac.kr,,
"Hughes, Alan",a.hughes@cbr.cam.ac.uk,,
"Keswani, Aneel",a.keswani@city.ac.uk,,
"Dambra, Michael",michael.dambra@simon.rochester.edu,,
"Beekes, Wendy",w.beekes@lancaster.ac.uk,,
"Perez-Gonzalez, Francisco",francisco.perez@stanford.edu,,
"Morton, Richard M.",rmorton@cob.fsu.edu,,
"Chow, Victor",victor.chow@mail.wvu.edu,,
"Tihanyi, Laszlo",ltihanyi@tamu.edu,,
"Gibbs, Michael",michael.gibbs@chicagobooth.edu,,
"Sievert, Holger",h.sievert@macromedia.de,,
"Niskanen, Mervi",mervi.niskanen@uef.fi,,
"Martin, Ralf",r.martin@lse.ac.uk,r.martin@lse.ac.uk,
"Christmann, Petra",christmannp@rbs.rutgers.edu,,
"Hoontrakul, Pongsak",pongsak@hoontrakul.com,,
"Jia, Nan",nan.jia@marshall.usc.edu,,
"Nneji, Ogonna",o.nneji@icmacentre.ac.uk,,
"Zeldes, Stephen P.",spz1@columbia.edu,,
"Landskroner, Yoram",msdinah@mscc.huji.ac.il,,
"Yu, Byungchul",bcu@dau.ac.kr,,
"Matsunaga, Steven R.",stevem@uoregon.edu,,
"Singh, Harminder",singh@deakin.edu.au,,
"Bills, Kenneth L.",ken.bills@business.colostate.edu,,
"Gaynor, Lisa M.",lgaynor@coba.usf.edu,,
"Barinov, Alexander",abarinov@terry.uga.edu,,
"Arvanitis, Spyros",arvanitis@kof.gess.ethz.ch,,
"González-Hermosillo, Brenda",bgonzalez@imf.org,bgonzalez@imf.org,
"Chang, Tom",tychang@usc.edu,,
"Kocher, Martin G.",martin.kocher@lrz.uni-muenchen.de,martin.kocher@lrz.uni-muenchen.de,
"Dong, Yizhe",yizhedong@gmail.com,,
"Judge, Amrit",a.judge@mdx.ac.uk,,
"Nguyen, Duc K.",duc.nguyen@ipag.fr,,
"Kubler, Felix E.",kubler@sas.upenn.edu,kubler@sas.upenn.edu,
"Ozkan, Neslihan",n.ozkan@bristol.ac.uk,,
"Tsai , Chih-Ling",cltsai@ucdavis.edu,,
"Kamara, Avraham",kamara@u.washington.edu,,
"Thanassoulis, John E.",john.thanassoulis@wbs.ac.uk,john.thanassoulis@wbs.ac.uk,john.thanassoulis@wbs.ac.uk
"Montgomery, Alan",alm3@andrew.cmu.edu,,
"Klein, Michael U.",m.klein@fs.de,,
"Li, Siyi",siyili@uic.edu,,
