Name,Email-1,Email-2,Email-3
"Leung, Sidney",acsleung@cityu.edu.hk,,
"Halim, Rizal E.",rizaledy@gmail.com,,
"Bauer, Johannes M.",bauerj@msu.edu,,
"Gunia, Brian",brian.gunia@jhu.edu,,
"Škerlavaj, Miha",miha.skerlavaj@bi.no,miha.skerlavaj@ef.uni-lj.si,
"Wangerin, Daniel D.",wangeri3@msu.edu,,
"Marsh, Ian W.",i.marsh@city.ac.uk,,
"Booth, Charles D.",cbooth@hawaii.edu,cbooth@hawaii.edu,
"Nordberg, Donald",donald@nordberg.org.uk,donald@nordberg.org.uk,
"Visconti, Luca M.",lvisconti@escpeurope.eu,,
"Cales, Ludovic",ludovic.cales@malix.univ-paris1.fr,ludovic.cales@unil.ch,ludovic.cales@unive.it
"Ellahie, Atif",aellahie@london.edu,,
"Lee, Matthew",mlee@hbs.edu,,
"Wickelgren, Abraham L.",awickelgren@law.utexas.edu,,
"Husodo, Zaäfri A.",z.husodo@ui.ac.id,,
"Reddy, V. N.",vnr@iimcal.ac.in,,
"Upson, James",jeupson@utep.edu,,
"Florysiak, David",florysiak@bwl.lmu.de,,
"Roebuck, Peter",p.roebuck@unsw.edu.au,,
"Allee, Kristian D.",kallee@bus.wisc.edu,,
"Tong, Yen H.",ayhtong@ntu.edu.sg,,
"Price, S. McKay",smp210@lehigh.edu,,
"Laili, Nur H.",nur.laili@students.mq.edu.au,,
"Areal, Nelson M.",nareal@eeg.uminho.pt,,
"Flatt, Victor B.",flatt@email.unc.edu,vflatt@central.uh.edu,
"Evans, John R.",jevans@pgeaus.onmicrosoft.com,,
"Livdan, Dmitry",livdan@haas.berkeley.edu,,
"Karapandza, Rasa",rasa.karapandza@ebs.edu,,
"Hauser, John R.",jhauser@mit.edu,,
"Ibikunle, Gbenga",gbenga.ibikunle@ed.ac.uk,,
"Ge, Li",geli1019@hku.hk,,
"Steenkamp, Janâ€�Benedict EM E.",steenkaj@kenan-flagler.unc.edu,,
"Abdel-Khalik, A. R.",rashad@uiuc.edu,,
"Seidl, David",david.seidl@uzh.ch,david.seidl@uzh.ch,
"Shawky, Hany A.",h.shawky@albany.edu,,
"Rampling, Peter N.",peter.rampling@scu.edu.au,,
"Frino, Alex",a.frino@econ.usyd.edu.au,,
"Barnes, Christopher M.",chris24b@uw.edu,,
"Kuzmics, Christoph",christoph.kuzmics@uni-bielefeld.de,,
"Huang, Qianqian",qiahuang@cityu.edu.hk,,
"Wagner, Robert E.",robert.wagner@baruch.cuny.edu,,
"Nguyen, Thuy T.",tnguyen@rsm.nl,thuynguyen0202@gmail.com,
"de La Bruslerie, Hubert",hlb@dauphine.fr,,
"Lilien, Steven B.",steven.lilien@baruch.cuny.edu,,
"Paugam, Luc",paugam@essec.edu,,
"Chi, Jing",j.chi@massey.ac.nz,,
"Vink, Dennis",dennis.vink@gmail.com,,
"Pan, Yihui",yihui.pan@business.utah.edu,,
"Doukakis, Leonidas C.",leonidas.doukakis@unil.ch,,
"Hsieh, David A.",david.a.hsieh@duke.edu,dah7@duke.edu,
"Van Wesep, Edward D.",edward.vanwesep@colorado.edu,,
"Kachelmeier, Steven J.",kach@mail.utexas.edu,,
"Helmers, Christian",christian.helmers@uc3m.es,christian.helmers@uc3m.es,
"Amaya, Diego",diego.amaya@hec.ca,,
"Perraudin, William",w.perraudin@imperial.ac.uk,,
"Heidenbauer, Sabine",sabine.heidenbauer@wu-wien.ac.at,,
"Aronson, Zvi H.",zaronson@stevens.edu,,
"Grembi, Veronica",vg.jur@cbs.dk,,
"Leboeuf, Gaël",gael.leboeuf@skema.edu,,
"Green, Richard C.",rcgreen@cmu.edu,,
"Zhuang, Zili",ziliz@cuhk.edu.hk,,
"Levinthal, Daniel A.",levinthal@wharton.upenn.edu,,
"Fox, Craig R.",craig.fox@anderson.ucla.edu,,
"Caselli, Stefano",stefano.caselli@unibocconi.it,,
"Zhang, Zhichao",zhichao.zhang@durham.ac.uk,,
"Cassiman, Bruno",bcassiman@iese.edu,bcassiman@iese.edu,
"Rice, Sarah C.",srice@mays.tamu.edu,,
"Huang, Yan",yphuang@umich.edu,,
"Mihalache, Arsenie S.",arsenie.mihalache@yahoo.com,,
"Ferguson, Andrew",andrew.ferguson@uts.edu.au,,
"Spindt, Paul A.",spindt@tulane.edu,,
"Van Wassenhove, Luk N.",luk.van-wassenhove@insead.edu,,
"Paranque, Bernard",bernard.paranque@kedgebs.com,,
"Yang, Liu A.",lyang@rhsmith.umd.edu,,
"Martin, Jens",j.martin@uva.nl,,
"Lyon, Thomas P.",tplyon@bus.umich.edu,,
"Esposito, Mark",mark.esposito@ggsb.com,mark.esposito@cpsl.cam.ac.uk,
"Nalebuff, Barry",barry.nalebuff@yale.edu,,
