Name,Email-1,Email-2,Email-3,Email-4,Email-5,Email-6,Email-7
"Zagler, Martin",martin.zagler@gmail.com,martin.zagler@gmail.com,,,,,
"Joensen, Juanna S.",juanna.joensen@hhs.se,,,,,,
"Lu, Xianghua",lxhua@fudan.edu.cn,,,,,,
"Warsono-bin-Hardono, Sony",swarsono@feb.ugm.ac.id,,,,,,
"Menz, Markus",markus.menz@unisg.ch,,,,,,
"Lam, F.Y. Eric C.",fyericcl@hkbu.edu.hk,fyericcl@ust.hk,,,,,
"Peterson, Kyle",kylepete@lcbmail.uoregon.edu,,,,,,
"Kinoshita, Yuko",ykinoshita@imf.org,,,,,,
"Eun, Cheol S.",cheol.eun@mgt.gatech.edu,,,,,,
"Rasmussen, Klement A.",klement85@gmail.com,,,,,,
"Riedel, Nadine",nadine.riedel@sbs.ox.ac.uk,nadine.riedel@lrz.uni-muenchen.de,,,,,
"Zhu, Tian",ztian@ceibs.edu,,,,,,
"Choi, Darwin",dchoi@ust.hk,,,,,,
"Christoffersen, Susan E.",susan.christoffersen@rotman.utoronto.ca,,,,,,
"Wiseman, Travis",twiseman@business.msstate.edu,,,,,,
"Kelly, Brian D.",kellybr@seattleu.edu,,,,,,
"Kelilume, Ikechukwu",ikelikume@lbs.edu,,,,,,
"Huberman, Gur",gh16@columbia.edu,,,,,,
"Guttman, Ilan",iguttman@stern.nyu.edu,iguttman@stern.nyu.edu,,,,,
"Bedendo, Mascia",mascia.bedendo@unibocconi.it,,,,,,
"Arun, Thankom G.",tgarun@uclan.ac.uk,,,,,,
"Brink, Alisa G.",agbrink@vcu.edu,,,,,,
"Levy, Philip I.",p-levy@kellogg.northwestern.edu,p-levy@kellogg.northwestern.edu,,,,,
"Cebenoyan, A. Sinan S.",acebenoy@stern.nyu.edu,finazc@hofstra.edu,,,,,
"Goldberg, Michael D.",michael.goldberg@unh.edu,,,,,,
"Peter, Richard",peter@bwl.lmu.de,,,,,,
"Reitenga, Austin L.",areiteng@cba.ua.edu,,,,,,
"Wong, Yu Ting Forester",ywong16@gsb.columbia.edu,ywong16@gsb.columbia.edu,,,,,
"Beyhaghi, Mehdi",mehdi.beyhaghi@utsa.edu,,,,,,
"Hutchinson, J. W.",wes@marketing.wharton.upenn.edu,,,,,,
"Raina, Sahil",sraina@umich.edu,,,,,,
"Lee, Nari",nari.lee@hanken.fi,nari.lee@miplc.de,,,,,
"Watanabe, Yasutora",yasutora@ust.hk,,,,,,
"Kagkadis, Anastasios",a.kagkadis@lancaster.ac.uk,,,,,,
"Vandekerckhove, Wim",wim.vandekerckhove@gmail.com,,,,,,
"Ma, Ji",majik2005@gmail.com,,,,,,
"Pinsonneault, Alain",alain.pinsonneault@mcgill.ca,,,,,,
"Raman, Ananth",araman@hbs.edu,,,,,,
"Dufey, Gunter",gdufey@umich.edu,,,,,,
"Jiang, Guohua",gjiang@gsm.pku.edu.cn,,,,,,
"Copeland, Thomas E.",tcopeland@sandiego.edu,,,,,,
"Douthett, Edward B.",edouthet@gmu.edu,,,,,,
"Mercer, Molly",mmercer2@depaul.edu,,,,,,
"Hinchliffe, Sarah A.",sahinchliffe@wm.edu,sahinchliffe@wm.edu,,,,,
"Zhang, Bo",zhangbo@rbs.org.cn,,,,,,
"Mayer, Janos",janos.mayer@business.uzh.ch,,,,,,
"Peng, Emma Y.",ypeng@fordham.edu,,,,,,
"Gohil, Priyanka",faculty@neesaeducation.com,,,,,,
"Gemmell, Norman",norman.gemmell@vuw.ac.nz,,,,,,
"Werner, Joerg R.",j.werner@fs.de,,,,,,
"Zhao, Meng",mengzhao521@yahoo.com,,,,,,
"Jandik, Tomas",tjandik@walton.uark.edu,,,,,,
"Kurshev, Alexander",akurshev.phd2003@london.edu,,,,,,
"Alsayed, Hamad",h.alsayed@soton.ac.uk,,,,,,
"Bhaskarabhatla, Ajay",bhaskarabhatla@ese.eur.nl,bhaskarabhatla@ese.eur.nl,,,,,
"Yamada, Takeshi",takeshi.yamada@adelaide.edu.au,,,,,,
"He, Zhaozhao",zhaozhaohe@gmail.com,,,,,,
"Heaney, Richard A.",richard.heaney@uwa.edu.au,,,,,,
"Bansal, Atul",dr.atulbansal@gmail.com,,,,,,
"Tan, Liang",liangtan@gwu.edu,,,,,,
"COSKUN, Ali",alicoskun@fatih.edu.tr,,,,,,
"Wickramanayake, J.",jayasinghe.wickramanayake@buseco.monash.edu.au,,,,,,
"Lehmann, Erik E.",erik.lehmann@wiwi.uni-augsburg.de,,,,,,
"Scarpa, Riccardo",rscarpo@waikato.ac.nz,,,,,,
"Chen, Lucy Huajing",lucy.chen@villanova.edu,,,,,,
"Schwarz, Jan Oliver",mail@joschwarz.com,,,,,,
"Nocera, Giacomo",gnocera@audencia.com,,,,,,
"Arnold, Denis G.",denisarnold@uncc.edu,,,,,,
"Watanabe, Akiko",akiko.watanabe@ualberta.ca,akiko.watanabe@ualberta.ca,,,,,
"Eining, Martha M.",martha.eining@business.utah.edu,,,,,,
"Belavina, Elena",elena.belavina@chicagobooth.edu,,,,,,
"Broedel Lopes, Alexsandro",broedel@usp.br,,,,,,
"Yu, Jing",jing.yu@uwa.edu.au,,,,,,
"Shim, John J.",john.shim@chicagobooth.edu,,,,,,
"Farooq, Shazia",shzfarooq@gmail.com,,,,,,
"Klasen, Stephan",sklasen@uni-goettingen.de,,,,,,
"Samà, Danilo",ds@danilosama.com,ds@danilosama.com,ds@danilosama.com,ds@danilosama.com,ds@danilosama.com,ds@danilosama.com,ds@danilosama.com
"Stentoft, Lars",lars.stentoft@uwo.ca,lars.stentoft@hec.ca,,,,,
"Hewitt, Max R.",hewittmr@indiana.edu,,,,,,
"Gupta, Anurag",axg77@po.cwru.edu,,,,,,
"Cherkes, Martin",mc2797@columbia.edu,mc2797@columbia.edu,mc2797@columbia.edu,,,,
"Tan, Lay Hong",atanlh@ntu.edu.sg,g0600877@nus.edu.sg,,,,,
"George, Thomas J.",tom-george@uh.edu,,,,,,
"Mazumder, Rabin",rabin_mazumder@rediffmail.com,,,,,,
"Jain, Tarun",tj9d@virginia.edu,,,,,,
"Hayes, Rachel M.",rachel.hayes@business.utah.edu,,,,,,
"Sicherman, Nachum",ns38@columbia.edu,,,,,,
"Koeplin, John",koeplin@usfca.edu,,,,,,
"Low, Gary",garylow@smu.edu.sg,gary.low@maastrichtuniversity.nl,,,,,
"Cazier, Richard A.",r.cazier@tcu.edu,,,,,,
"Rao, Vithala R.",vrr2@cornell.edu,,,,,,
"Tice, Frances M.",ftice@mays.tamu.edu,,,,,,
"Pattitoni, Pierpaolo",pierpaolo.pattitoni@unibo.it,pierpaolo.pattitoni@unibo.it,,,,,
"Schwartz, Adam",schwartza@wlu.edu,,,,,,
"Sebehela, Tumellano",tsebehela@yahoo.co.uk,,,,,,
"Kushwaha, Tarun",tarun_kushwaha@unc.edu,,,,,,
