Name,Email-1,Email-2,Email-3,Email-4
"Hommes, C. H.",c.h.hommes@uva.nl,c.h.hommes@uva.nl,c.h.hommes@uva.nl,
"Pau, Louis-Francois",lfp.inf@cbs.dk,lpau@rsm.nl,lpau@rsm.nl,paulf@gibs.co.za
"Tompaidis, Stathis",stathis.tompaidis@mccombs.utexas.edu,,,
"Assadi, Djamchid",djamchid.assadi@escdijon.edu,,,
"Zopounidis, C.",kostas@dpem.tuc.gr,,,
"Vance, Thomas W.",twvance@illinois.edu,,,
"Shames, Ervin",shamese@darden.virginia.edu,,,
"Restrepo, Felipe",restrepf@bc.edu,,,
"Hainaut, Donatien",das.hainaut@gmail.com,,,
"Pull, Kerstin",kerstin.pull@uni-tuebingen.de,,,
"Rodríguez, Rosa",rosa.rodriguez@uc3m.es,,,
"Khurana, Rakesh",rkhurana@hbs.edu,,,
"Kim, Dongcheol",kimdc@korea.ac.kr,,,
"Vincent, Nicole A.",nvincent@gsu.edu,n.a.vincent@tudelft.nl,,
"Uhlaner, Lorraine M.",lorraine.uhlaner@edhec.edu,,,
"Valentincic, Aljosa",aljosa.valentincic@ef.uni-lj.si,,,
"Thai, Lang",lang.thai@deakin.edu.au,,,
"Giammarino, Ron",ron.giammarino@commerce.ubc.ca,,,
"Ma, Linlin",l.ma@neu.edu,,,
"Kolb, Robert W.",bob@robertwkolb.com,,,
"Yang, Haiyang",haiyang.yang@insead.edu,,,
"Yang, Zhiyong",zyang@uta.edu,,,
"Heenetigala, Kumi",kumi.heenetigala@vu.edu.au,,,
"Wansbeek, Tom",t.j.wansbeek@rug.nl,,,
"Trotman, Ken",k.trotman@unsw.edu.au,,,
"Coram, Paul J.",paul.coram@adelaide.edu.au,,,
"Wu, Yingying",y.wu@icmacentre.ac.uk,,,
"Law, Ginette",ginette.law@oii.ox.ac.uk,,,
"Xu, Wei",xuxiaozhu@hotmail.com,xuxiaozhu@gmail.com,,
"Stanfield, Jared R.",j.stanfield@unsw.edu.au,,,
"Gyourko, Joseph E.",gyourko@wharton.upenn.edu,,,
"Hunter, David L.",hunterd@hawaii.edu,,,
"Mahieu, Ronald J.",r.j.mahieu@uvt.nl,r.j.mahieu@tilburguniversity.edu,,
"Hann, Daniel",daniel.hann@db.com,,,
"Li, Laura L.",liyue@uiuc.edu,,,
"Joglekar, Nitin",joglekar@bu.edu,,,
"Kern, Andrew E.",kerna@missouri.edu,,,
"Ding, David K.",d.ding@massey.ac.nz,davidding@smu.edu.sg,,
"Madureira, Leonardo",llm17@case.edu,,,
"Pereira, Beatriz",bpereira@umich.edu,,,
"Behn, Bruce K.",bbehn@utk.edu,,,
"Medova, Elena",e.medova@jims.cam.ac.uk,,,
"Reb, Jochen",jreb@smu.edu.sg,,,
"Jani, Elion",elion.jani@hec.unige.ch,,,
"Tsay, Ruey S.",fac_tsay@gsbvax.uchicago.edu,,,
"Casari, Marco",marco.casari@unibo.it,,,
"Sundgren, Stefan",stefan.sundgren@uva.fi,stefan.sundgren@usbe.umu.se,,
"Navissi, Farshid",farshid.navissi@buseco.monash.edu.au,,,
"Vicente, Pedro C.",pedro.vicente@novasbe.pt,,,
"Böcking, Hans-Joachim",wysocki@wiwi.uni-frankfurt.de,,,
"Cuñat, Vicente",v.cunat@lse.ac.uk,vicente.cunat@upf.edu,,
"Vlaicu, Razvan",r-vlaicu@kellogg.northwestern.edu,,,
"Gupta, Arpit",ag2968@columbia.edu,,,
"Waldman, Michael",mw46@cornell.edu,,,
"Kochan, Thomas A.",tkochan@mit.edu,,,
"Sogorb-Mira, Francisco",fsogorb@uch.ceu.es,,,
"Jones, Benjamin F.",bjones@kellogg.northwestern.edu,,,
"Chandra, Aruna",arunacaran@yahoo.com,,,
"Chung, Ji-Woong",chung_jiwoong@korea.ac.kr,,,
"Weimann, Joachim",joachim.weimann@ww.uni-magdeburg.de,,,
"Lu-Andrews, Ran",ran.lu.andrews@gmail.com,,,
"Bitsch, Florian",author1094758@ssrn.com,,,
"Hasnas, John",hasnasj@georgetown.edu,hasnasj@georgetown.edu,,
"Wang, Qiming",qwang@latech.edu,,,
"Leih, Sunyoung",sunyoung.leih@gmail.com,,,
"Winer, Russell S.",rwiner@stern.nyu.edu,,,
"Esty, Benjamin C.",besty@hbs.edu,,,
"Häubl, Gerald",gerald.haeubl@ualberta.ca,,,
"Nason, James M.",jim_nason@ncsu.edu,,,
"Sezek, Senem",senem@gnosisconsultants.com,,,
"Svanström, Tobias",tobias.svanstrom@usbe.umu.se,tobias.svanstrom@bi.no,,
"Agyei-Ampomah, Sam",s.agyei-ampomah@surrey.ac.uk,,,
"Turtle, Harry J.",harry.turtle@mail.wvu.edu,,,
"Fairfield, Patricia M.",fairfiep@georgetown.edu,,,
"Li, Yao Amber",yaoli@ust.hk,,,
"Zhang, Donghang",zhang@moore.sc.edu,,,
"Sterner, Thomas",thomas.sterner@economics.gu.se,,,
"Paramati, Sudharshan R.",sudharshanreddy.paramati@griffithuni.edu.au,,,
"Vera-Munoz, Sandra C.",sveramun@nd.edu,,,
"Lu, Andrea Y.",yinjia.lu@gmail.com,,,
"Venkatesan, Rajkumar",rvenkatesan@business.uconn.edu,,,
"McAnally, Mary L.",mmcanally@cgsb.tamu.edu,,,
"Warlop, Luk",luk.warlop@econ.kuleuven.be,luk.warlop@econ.kuleuven.ac.be,,
"McAfee, Andrew",amcafee@mit.edu,,,
"Chai, Dominic Heesang H.",dominic.chai@mbs.ac.uk,d.chai@cbr.cam.ac.uk,,
"Mastilak, Christian",mastilakc@xavier.edu,,,
"Fan, Ming",mfan@u.washington.edu,,,
"Constantinides, George M.",gmc@chicagobooth.edu,,,
"Bermig, Andreas",abermig@mail.uni-paderborn.de,,,
"Detemple, Jerome",detemple@bu.edu,,,
"Zhou, Yi",yizhou@cob.fsu.edu,,,
"Nishiotis, George P.",nishioti@ucy.ac.cy,,,
"Majchrzak, Ann",majchrza@usc.edu,,,
"Malhotra, Neil A.",neilm@stanford.edu,,,
"Frick, Bernd",bernd.frick@notes.upb.de,,,
"Jain, Dipak C.",dipak.c.jain@insead.edu,,,
