Name,Email-1,Email-2,Email-3,Email-4
"Shin, Jae Yong",jshin@snu.ac.kr,,,
"Netzer, Oded",on2110@columbia.edu,,,
"Sogiakas, Vasilios I.",vasilios.sogiakas@glasgow.ac.uk,,,
"Salamzadeh, Yashar",yasharsalamzadeh@gmail.com,,,
"Östberg, Per",per.oestberg@bf.uzh.ch,,,
"Kim, Dasol",dasolkim@gmail.com,,,
"Huang, Ying",hying05@gmail.com,,,
"Xu, Xinzhong X.",xuxz@gsm.pku.edu.cn,,,
"Hodak, Marc",mhodak@hodakvalue.com,mhodak@stern.nyu.edu,,
"Boyd, John H.",jboyd@csom.umn.edu,,,
"Campbell, Terry L.",campbelt@be.udel.edu,,,
"Alanazi, Ahmed S.",a.al-anazi@griffith.edu.au,,,
"Barzilay, Ohad",ohadbr@tau.ac.il,,,
"Raghunathan, Srinivasan",sraghu@utdallas.edu,,,
"Jiang, Colin H.",colin.jiang@chicagobooth.edu,,,
"Guthrie, Katherine",katherine.guthrie@mason.wm.edu,,,
"Jeon, Bang Nam",jeonbana@drexel.edu,,,
"Kirschenmann, Karolin",karolin.kirschenmann@aalto.fi,,,
"Bijmolt, Tammo H.",t.h.a.bijmolt@rug.nl,,,
"Jamison, Mark A.",mark.jamison@warrington.ufl.edu,,,
"Spann, Martin",spann@spann.de,,,
"Grove, Wayne A.",grovewa@lemoyne.edu,,,
"Tédongap, Roméo",romeo.tedongap@hhs.se,,,
"Vainberg, Gregory",gregory.vainberg@mail.mcgill.ca,,,
"Choi, Kyoung Jin",kjchoi@ucalgary.ca,,,
"Siriban, Charles I.",cisiriban@gmail.com,,,
"Hwang, Yuhchang",hwangy@asu.edu,,,
"Boland, Richard J.",boland@cwru.edu,,,
"Reuter, Jonathan",reuterj@bc.edu,,,
"Bikard, Michaël A.",mbikard@london.edu,,,
"Mohd-Saleh, Norman",norman@ukm.my,,,
"Ho, Kong Shan J.",john.ho@newcastle.edu.au,,,
"Adi, Erwin",eadi@binus.edu,,,
"Najafi Asadolahi, Sami",snajafi@scu.edu,,,
"Thompson, Howard E.",hthompson@bus.wisc.edu,,,
"Jankensgård, Håkan",hakan.jankensgard@fek.lu.se,hakan.jankensgard@fek.lu.se,,
"Reed-Tsochas, Felix",felix.reed-tsochas@sbs.ox.ac.uk,felix.reed-tsochas@sbs.ox.ac.uk,felix.reed-tsochas@sbs.ox.ac.uk,felix.reed-tsochas@sbs.ox.ac.uk
"Marra, Antonio",antonio.marra@unibocconi.it,,,
"Jackson, Scott B.",scott.jackson@moore.sc.edu,,,
"Paape, Leen",l.paape@nyenrode.nl,,,
"Nnadi, Matthias",matthias.nnadi@cranfield.ac.uk,,,
"Mehta, Jay",jay1.mehta@gmail.com,,,
"Vaast, Emmanuelle",emmanuelle.vaast@mcgill.ca,,,
"Jackson, Mark",markjackson@unr.edu,,,
"Omoteso, Kamil",komoteso@dmu.ac.uk,,,
"Jain, Prem C.",pcj3@georgetown.edu,,,
"Adelopo, Ismail A.",iadelopo@dmu.ac.uk,,,
"Lucas, Henry C.",hlucas@rhsmith.umd.edu,,,
"Galai, Dan",msgalai@mscc.huji.ac.il,,,
"Camfferman, Kees",c.camfferman@vu.nl,,,
"Napp, Clotilde",clotilde.napp@dauphine.fr,,,
"Cosemans, Mathijs",mcosemans@rsm.nl,,,
"Lu, Shijie",shijielu@usc.edu,,,
"Giusti, Giovanni",giovanni.giusti@upf.edu,,,
"Xu, Caihong",caihong.xu@fek.su.se,,,
"Stein, Luke C.",luke.stein@asu.edu,,,
"Ballotta, Laura",l.ballotta@city.ac.uk,,,
"Wang, Zhengyuan",zy.wang@unsw.edu.au,,,
"Yan, An",ayan@fordham.edu,,,
"Misman, Faridah N.",faridahnajuna@yahoo.com.sg,faridahnajuna@yahoo.com.sg,,
"Geske, Robert L.",robert.geske@anderson.ucla.edu,,,
"Saravanan, Palanisamy",psn@iimshillong.in,,,
"Resutek, Robert J.",rresutek@uga.edu,,,
"Joseph, John",john.e.joseph@duke.edu,,,
"Terjesen, Siri A.",siriterjesen@yahoo.com,,,
"Sushka, Marie E.",marie.sushka@asu.edu,,,
"Baruch, Shmuel",finsb@business.utah.edu,,,
"Wasserman, Noam",nwasserman@hbs.edu,,,
"Cairns, David",david@cairns.co.uk,,,
"Islam, Md. Syful",thesyful@yahoo.com,thesyful@yahoo.com,,
"Li, Dongmei",dongmei.li@moore.sc.edu,,,
"Inbar, Yael",yaelinba@post.tau.ac.il,,,
"Dee, Carol C.",carol.dee@ucdenver.edu,,,
"Sussman, Oren",oren.sussman@sbs.ox.ac.uk,osussman@london.edu,,
"Yang, Li",l.yang@unsw.edu.au,,,
"Autore, Don M.",dautore@cob.fsu.edu,,,
"Frey, Marco",frey@sssup.it,marco.frey@unibocconi.it,,
"Sun, Baohong",bsun@andrew.cmu.edu,,,
"Gullkvist, Benita M.",benita.gullkvist@hanken.fi,,,
"McGahan, Anita M.",amcgahan@rotman.utoronto.ca,,,
"Bach, Laurent",laurent.bach@hhs.se,,,
"Zhu, Hongwei",harry_zhu@uml.edu,mrzhu@mit.edu,,
"Fransoo, Jan C.",j.c.fransoo@tue.nl,,,
"Napoletano, Mauro",mauro.napoletano@sciencespo.fr,mauro.napoletano@sciencespo.fr,mauro.napoletano@sciencespo.fr,
"LeBaron, Blake D.",blebaron@brandeis.edu,,,
"Anagnostopoulou, Seraina C.",sanagnosto@aueb.gr,,,
"Taipaleenmaki, Jani",jani.taipaleenmaki@knowit.fi,,,
"Santos, Tano",js1786@columbia.edu,,,
"Bamber, E. M.",mbamber@terry.uga.edu,,,
"Theodossiou, Panayiotis",theodoss@camden.rutgers.edu,theodoss@camden.rutgers.edu,,
"Subasi, Musa",musasubasi@gmail.com,,,
"Khan, Muhammad A.",muhammadasad76@gmail.com,,,
"Mackinlay, A. Craig C.",mackinlay@wharton.upenn.edu,,,
"Li, Yingying",yyli@ust.hk,,,
