Name,Email-1,Email-2,Email-3
"Yamaguchi, Takeshi",tyamaguc@wharton.upenn.edu,,
"Hoskin, Keith",khoskin@fe.unl.pt,,
"Ayres, Robert U.",robert.ayres@insead.edu,,
"Welborn, John W.",jw3181@columbia.edu,,
"Diehl, Kristin",kdiehl@marshall.usc.edu,,
"Chaudhuri, Anindya",ac1947@gmail.com,,
"Calandro, Enrico",ecalandro@researchictafrica.net,ecalandro@researchictafrica.net,
"Neubauer, Herbert",herbert.neubauer@wu.ac.at,,
"Ramchander, Sanjay",sanjay.ramchander@gmail.com,,
"Tuzhilin, Alexander",atuzhili@stern.nyu.edu,,
"McKillop, Donal G.",dg.mckillop@qub.ac.uk,,
"Mik, Eliza K.",elizamik@smu.edu.sg,,
"Kaushal, Sachin",someone9@fake.org,,
"Stock, Pascal",stock@corporate-finance-mannheim.de,,
"Yevgenyeva, Anzhela",anzhela.yevgenyeva@st-hildas.ox.ac.uk,,
"Rogers, Brian W.",b-rogers@kellogg.northwestern.edu,,
"Ludwig, Alexander",ludwig@safe.uni-frankfurt.de,ludwig@wiso.uni-koeln.de,
"Duqi, Andi",andi.duqi@unibo.it,,
"Rozenbaum, Oded",or2167@columbia.edu,,
"Dubey, Ram S.",dubeyr@mail.montclair.edu,,
"Edward, Peter",peter.edward99@yahoo.co.uk,,
"Lane, Jennifer",jel@aber.ac.uk,,
"Dong, Sen",sd2068@columbia.edu,,
"Victoria-Feser, Maria-Pia",maria-pia.victoriafeser@unige.ch,,
"Harrison, Ann E.",annh@wharton.upenn.edu,,
"Theobald, Michael F.",m.f.theobald@bham.ac.uk,,
"Byun, Suk-Joon",sjbyun@kgsm.kaist.ac.kr,,
"Sharma, Atul",someone6@fake.org,,
"Balder, Sven",sven.balder@uni-due.de,,
"Saranga, Haritha",harithas@iimb.ernet.in,,
"Ketchen Jr., David J. J.",ketchda@auburn.edu,,
"Denis, Litty",littydenis@yahoo.com,,
"Daszkiewicz, Nelly",ndasz@zie.pg.gda.pl,,
"Siddiqui, Aijaz",someone5@fake.org,,
"Bhati, Abhishek",bhati.nawab@gmail.com,,
"Bigelow, Lyda S.",lyda.bigelow@business.utah.edu,,
"Batista, Catia",catia.batista@novasbe.pt,novafrica@novasbe.pt,
"S, Ananda",anand_su66@yahoo.co.in,,
"Narasimhan, Chakravarthi",narasimhan@wustl.edu,,
"Owers, James E.",fncjeo@gsusgi2.gsu.edu,,
"Mcmahon, Connette P.",connettemcmahon@hotmail.com,,
"Smith, Barbara A.",bas4156@gmail.com,,
"Banerjee, Siddhartha",someone10@fake.org,,
"Deng, Feng F.",fengdeng.fengdeng@gmail.com,,
"Corcelius, Aaron D.",a.corcelius@yahoo.com,,
"Chen, Xi",xichen1987@gmail.com,xichen1987@gmail.com,
"Li, Canlin",canlin.li@ucr.edu,,
"Lee, Richard",rml58@georgetown.edu,,
"Ramachandran, J.",jram@iimb.ernet.in,,
"Roncoroni, Andrea",roncoroni@gmail.com,,
"Delgado, Mercedes",mdelgado@temple.edu,,
"Kumar, Ravi",someone8@fake.org,,
"Lounsbury, Michael",ml37@ualberta.ca,,
"Erkal, Nisvan",n.erkal@unimelb.edu.au,,
"Chang, Jui-Chin",jui-chin.chang@tamiu.edu,,
"Warr, Benjamin",benjamin.warr@insead.edu,,
"Kamran, Qeis",qeis.kamran@hs-augsburg.de,,
"Anari, Ali",manari@cgsb.tamu.edu,,
"Panayides, Marios A.",mpanayides@katz.pitt.edu,,
"Bearden, Joseph N.",jneilb@gmail.com,,
"Morse, Lily",lmorse@andrew.cmu.edu,,
"Guo, Re J.",rguo@uic.edu,,
"Katvan, Eyal",drkatvan@gmail.com,,
"Fossen, Frank M.",frank.fossen@fu-berlin.de,,
"Du, Kui",andy.du.daily@gmail.com,,
"Barboza, Gustavo A.",gbarboza@clarion.edu,,
"Singh, Rajdeep",someone7@fake.org,,
"Fisher, Marshall",fisher@wharton.upenn.edu,,
"Cruces, Juan J.",juan.cruces@utdt.edu,,
"Hammock, Mike",michael.hammock@gmail.com,,
"Wang, Yan",yanwang0217@gmail.com,,
"Slapnicar, Sergeja",sergeja.slapnicar@ef.uni-lj.si,,
"Low, Rand K.",r.low@business.uq.edu.au,,
"Vella, John",john.vella@sbs.ox.ac.uk,,
"Ma, Juan",jma@hbs.edu,,
"Eccher, Elizabeth A.",eccher@mit.edu,,
"Angelucci, Charles",charles.angelucci@gmail.com,,
"He, Ping",heping@sem.tsinghua.edu.cn,,
"Hsu, Sylvia H.",shsu@schulich.yorku.ca,,
"Lopez, Mario Antonio",maglopez@gmail.com,,
"Rooderkerk, Robert P.",r.p.rooderkerk@uvt.nl,robert.p.rooderkerk@tuck.dartmouth.edu,
"Smith, James L.",jsmith@mail.cox.smu.edu,,
"Chu, Johan S.",johanchu@umich.edu,,
"Wale, Letenah E.",etalem2000@yahoo.com,,
"Hartwig, Jochen",hartwig@kof.ethz.ch,,
"Guillén, Montserrat",mguillen@ub.edu,,
"Tiou-Tagba Aliti, Gnanonobodom",tiou_tagba@yahoo.fr,,
"Rusnak, John",jrusnak@hbs.edu,,
"Baheti, Rajiv",rbaheti@iimb.ernet.in,,
"DeMonaco, Harold J.",hdemonaco@partners.org,hdemonaco@partners.org,
"Carlin, Bruce I.",bruce.carlin@anderson.ucla.edu,,
"Finter, Philipp",finter@wiso.uni-koeln.de,finter@wiso.uni-koeln.de,
"Kruger, Justin",jkruger@stern.nyu.edu,jkruger@stern.nyu.edu,jkruger@stern.nyu.edu
"Choi, Seung Uk",suchoi@korea.ac.kr,,
"Kang, Ari C.",2415fist@gmail.com,,
"Taylor, Alex P.",alex.taylor@mbs.ac.uk,,
"Telmer, Chris I.",chris.telmer@cmu.edu,,
